dataset,sample,k,cluster,jaccard_mean,jaccard_10_percentile,jaccard_90_percentile,minimum_omitted_cluster_records
D5,full,2,1,0.9992760102384046,0.997920997920998,1.0,472
D5,full,2,2,0.9912222097443356,0.972972972972973,1.0,27
D5,full,3,1,0.9974418524046051,1.0,1.0,414
D5,full,3,2,0.99,1.0,1.0,34
D5,full,3,3,0.9975836769962843,1.0,1.0,29
D5,full,4,1,0.9996572713734344,0.9974286433625739,1.0,352
D5,full,4,2,0.9979253287482743,0.9850520126639529,1.0,51
D5,full,4,3,1.0,1.0,1.0,28
D5,full,4,4,1.0,1.0,1.0,25
D5,full,5,1,0.9998943766755609,1.0,1.0,350
D5,full,5,2,1.0,1.0,1.0,27
D5,full,5,3,1.0,1.0,1.0,25
D5,full,5,4,0.999066317016317,1.0,1.0,25
D5,full,5,5,1.0,1.0,1.0,13
D5,full,6,1,0.5622451474021476,0.2599180380629519,0.7449074297868227,117
D5,full,6,2,0.7224943670578532,0.4955699379210144,0.8620991926182238,217
D5,full,6,3,0.9962887735048107,0.9777777777777777,1.0,26
D5,full,6,4,0.9978756252427545,1.0,1.0,26
D5,full,6,5,1.0,1.0,1.0,9
D5,full,6,6,0.9997297297297297,1.0,1.0,28
D5,sensitivity,2,1,0.9999138346588319,1.0,1.0,446
D5,sensitivity,2,2,0.9989857598541809,1.0,1.0,32
D5,sensitivity,3,1,0.9993321067333296,0.9975903614457832,1.0,390
D5,sensitivity,3,2,0.998170498779002,1.0,1.0,29
D5,sensitivity,3,3,0.9952557550130139,0.9777272727272727,1.0,34
D5,sensitivity,4,1,0.9973738808039779,0.9923143725575336,1.0,348
D5,sensitivity,4,2,0.9799924025715108,0.9442307692307692,1.0,33
D5,sensitivity,4,3,1.0,1.0,1.0,32
D5,sensitivity,4,4,1.0,1.0,1.0,24
D5,sensitivity,5,1,1.0,1.0,1.0,356
D5,sensitivity,5,2,1.0,1.0,1.0,32
D5,sensitivity,5,3,1.0,1.0,1.0,27
D5,sensitivity,5,4,1.0,1.0,1.0,12
D5,sensitivity,5,5,1.0,1.0,1.0,11
D5,sensitivity,6,1,0.24703770006369172,0.20082191780821917,0.26478396668401877,116
D5,sensitivity,6,2,0.4861404929636239,0.45228650391524644,0.5220909560130756,209
D5,sensitivity,6,3,0.9944702290255084,0.9772198731501057,1.0,25
D5,sensitivity,6,4,0.9980391954155021,1.0,1.0,27
D5,sensitivity,6,5,0.9890200914129224,0.9523809523809523,1.0,12
D5,sensitivity,6,6,1.0,1.0,1.0,11
D3,full,2,1,0.9990101617308915,0.9936264902825412,1.0,136
D3,full,2,2,0.9978500800619895,0.9862823439878234,1.0,56
D3,full,3,1,0.9897765043604174,0.9789249720044794,1.0,91
D3,full,3,2,0.9802027022091963,0.9562541806020067,1.0,46
D3,full,3,3,0.9991729543185435,1.0,1.0,47
D3,full,4,1,0.9959087049272297,0.989561170212766,1.0,84
D3,full,4,2,0.961279832672581,0.8945488721804511,1.0,22
D3,full,4,3,0.9964149951899407,0.983550986385107,1.0,42
D3,full,4,4,0.9579561330039139,0.8712820512820513,1.0,20
D3,full,5,1,0.991031618675476,0.9766888150609081,1.0,38
D3,full,5,2,0.9990632609973944,1.0,1.0,39
D3,full,5,3,0.9433799032780082,0.8567226890756302,1.0,20
D3,full,5,4,0.9961020502172062,0.98302162478083,1.0,44
D3,full,5,5,0.9452952536626614,0.8745967741935484,1.0,18
D3,full,6,1,0.9659496547370245,0.9540909090909091,1.0,33
D3,full,6,2,0.9743000594934753,0.9837889557135047,1.0,40
D3,full,6,3,0.9470002626620917,0.8819964349376114,1.0,16
D3,full,6,4,0.907142731043339,0.7404692082111437,1.0,14
D3,full,6,5,0.9255229794467926,0.7775,1.0,20
D3,full,6,6,0.9382360850832163,0.8645852749301025,1.0,19
D3,sensitivity,2,1,0.9985227034553508,0.9933288590604027,1.0,136
D3,sensitivity,2,2,0.9969262213984996,0.9859154929577465,1.0,57
D3,sensitivity,3,1,0.9915674195804138,0.9802696078431372,1.0,87
D3,sensitivity,3,2,0.9839341567451594,0.9607058823529412,1.0,42
D3,sensitivity,3,3,0.9994885548678653,1.0,1.0,50
D3,sensitivity,4,1,0.9936752030926489,0.9805634875309347,1.0,83
D3,sensitivity,4,2,0.9516624555600156,0.8571428571428571,1.0,19
D3,sensitivity,4,3,0.9963545915738143,0.9827586206896551,1.0,44
D3,sensitivity,4,4,0.9435639292548019,0.8421052631578947,1.0,22
D3,sensitivity,5,1,0.988815964087013,0.9642207792207792,1.0,35
D3,sensitivity,5,2,0.9994592074592075,1.0,1.0,39
D3,sensitivity,5,3,0.9191323529415399,0.8484848484848485,1.0,19
D3,sensitivity,5,4,0.9945983122983947,0.9824561403508771,1.0,49
D3,sensitivity,5,5,0.9181724593819921,0.8387096774193549,1.0,17
D3,sensitivity,6,1,0.9691766324797009,0.9620377358490566,1.0,30
D3,sensitivity,6,2,0.9782262563654303,1.0,1.0,37
D3,sensitivity,6,3,0.947584020367763,0.8692753623188406,1.0,19
D3,sensitivity,6,4,0.9083031930713793,0.7545454545454545,1.0,17
D3,sensitivity,6,5,0.937598280183639,0.7797916666666667,1.0,20
D3,sensitivity,6,6,0.9324579238329197,0.8484848484848485,1.0,17
