dataset,sample,k,cluster,count,fraction
D5,full,2,1,2406,0.9207807118254879
D5,full,2,2,207,0.07921928817451206
D5,full,3,1,2181,0.8346727898966705
D5,full,3,2,224,0.08572522005357826
D5,full,3,3,208,0.07960199004975124
D5,full,4,1,1876,0.717948717948718
D5,full,4,2,319,0.12208189820130119
D5,full,4,3,216,0.08266360505166476
D5,full,4,4,202,0.07730577879831611
D5,full,5,1,1888,0.7225411404515882
D5,full,5,2,216,0.08266360505166476
D5,full,5,3,202,0.07730577879831611
D5,full,5,4,204,0.07807118254879448
D5,full,5,5,103,0.039418293149636435
D5,full,6,1,682,0.2610026789131267
D5,full,6,2,1210,0.4630692690394183
D5,full,6,3,201,0.07692307692307693
D5,full,6,4,214,0.08189820130118637
D5,full,6,5,103,0.039418293149636435
D5,full,6,6,203,0.0776884806735553
D5,sensitivity,2,1,2307,0.9183917197452229
D5,sensitivity,2,2,205,0.08160828025477707
D5,sensitivity,3,1,2086,0.8304140127388535
D5,sensitivity,3,2,206,0.08200636942675159
D5,sensitivity,3,3,220,0.0875796178343949
D5,sensitivity,4,1,1853,0.7376592356687898
D5,sensitivity,4,2,241,0.09593949044585988
D5,sensitivity,4,3,216,0.08598726114649681
D5,sensitivity,4,4,202,0.0804140127388535
D5,sensitivity,5,1,1888,0.7515923566878981
D5,sensitivity,5,2,216,0.08598726114649681
D5,sensitivity,5,3,202,0.0804140127388535
D5,sensitivity,5,4,103,0.041003184713375794
D5,sensitivity,5,5,103,0.041003184713375794
D5,sensitivity,6,1,678,0.26990445859872614
D5,sensitivity,6,2,1210,0.48168789808917195
D5,sensitivity,6,3,216,0.08598726114649681
D5,sensitivity,6,4,202,0.0804140127388535
D5,sensitivity,6,5,103,0.041003184713375794
D5,sensitivity,6,6,103,0.041003184713375794
D3,full,2,1,769,0.6965579710144928
D3,full,2,2,335,0.30344202898550726
D3,full,3,1,515,0.46648550724637683
D3,full,3,2,289,0.2617753623188406
D3,full,3,3,300,0.2717391304347826
D3,full,4,1,508,0.4601449275362319
D3,full,4,2,149,0.13496376811594202
D3,full,4,3,295,0.26721014492753625
D3,full,4,4,152,0.13768115942028986
D3,full,5,1,250,0.22644927536231885
D3,full,5,2,271,0.24547101449275363
D3,full,5,3,148,0.13405797101449277
D3,full,5,4,295,0.26721014492753625
D3,full,5,5,140,0.12681159420289856
D3,full,6,1,247,0.223731884057971
D3,full,6,2,271,0.24547101449275363
D3,full,6,3,145,0.13134057971014493
D3,full,6,4,144,0.13043478260869565
D3,full,6,5,155,0.1403985507246377
D3,full,6,6,142,0.1286231884057971
D3,sensitivity,2,1,763,0.6942675159235668
D3,sensitivity,2,2,336,0.3057324840764331
D3,sensitivity,3,1,516,0.4695177434030937
D3,sensitivity,3,2,283,0.2575068243858053
D3,sensitivity,3,3,300,0.272975432211101
D3,sensitivity,4,1,508,0.462238398544131
D3,sensitivity,4,2,147,0.1337579617834395
D3,sensitivity,4,3,295,0.2684258416742493
D3,sensitivity,4,4,149,0.13557779799818018
D3,sensitivity,5,1,248,0.2256596906278435
D3,sensitivity,5,2,271,0.24658780709736125
D3,sensitivity,5,3,147,0.1337579617834395
D3,sensitivity,5,4,295,0.2684258416742493
D3,sensitivity,5,5,138,0.12556869881710647
D3,sensitivity,6,1,246,0.22383985441310283
D3,sensitivity,6,2,271,0.24658780709736125
D3,sensitivity,6,3,143,0.13011828935395814
D3,sensitivity,6,4,144,0.13102820746132848
D3,sensitivity,6,5,155,0.1410373066424022
D3,sensitivity,6,6,140,0.12738853503184713
