dataset,k,common_records,full_sensitivity_ari,minimum_matched_jaccard,selected
D5,2,2512,0.9937792070102187,0.9903381642512077,True
D5,3,2512,0.9895552444676684,0.9821428571428571,False
D5,4,2512,0.9678185270030668,0.9008264462809917,False
D5,5,2512,0.9987034498360056,0.9903846153846154,False
D5,6,2512,0.35251220140638845,0.21212121212121213,False
D3,2,1099,0.9962755251009426,0.9970238095238095,True
D3,3,1099,0.9971314800586701,0.9964788732394366,False
D3,4,1099,1.0,1.0,False
D3,5,1099,0.9961944931183845,0.992,False
D3,6,1099,0.9978428095834166,0.9928571428571429,False
