dataset,sample,k,n,silhouette,davies_bouldin,calinski_harabasz,minimum_cluster_fraction,largest_to_smallest_ratio,negative_silhouette_fraction,centroid_separation_to_within_rms,minimum_pair_maximum_agreement_difference,resampling_repetitions,resampling_fraction,ari_mean,ari_sd,ari_10_percentile,ari_90_percentile,minimum_cluster_jaccard_mean
D5,full,2,2613,0.1988666966478539,0.8410442611125664,331.9495737592026,0.079219288174512,11.623188405797102,0.0493685419058553,1.3201979293406505,0.7072957702362451,100,0.8,0.99441975014007,0.0079526585178789,0.9831040080957616,1.0,0.9912222097443356
D5,full,3,2613,0.1566164636462126,1.3056923472970592,284.33168145174307,0.0796019900497512,10.485576923076923,0.2996555683122847,1.017730216974092,0.6909806722392693,100,0.8,0.9927759473393644,0.065654145550183,1.0,1.0,0.99
D5,full,4,2613,0.1509727943329818,1.6844931449571805,265.2267585610996,0.0773057787983161,9.287128712871286,0.644852659778033,0.8299122323346424,0.368463883003255,100,0.8,0.9991509482918344,0.0022083905066574,0.9936256594789424,1.0,0.9979253287482744
D5,full,5,2613,0.1628169980136809,1.3438331010999005,229.39403204359047,0.0394182931496364,18.33009708737864,0.683505549177191,0.9951785776790966,0.3850635593220338,100,0.8,0.9997518954633836,0.0012219016384108,1.0,1.0,0.999066317016317
D5,full,6,2613,0.1696896426931191,3.049802768658907,198.4712837890155,0.0394182931496364,11.74757281553398,0.6831228473019518,0.3591628471442858,0.3247667288723007,100,0.8,0.6176869973323392,0.1630271953429144,0.3863707003430198,0.7802171698040647,0.5622451474021476
D5,sensitivity,2,2512,0.1940077623394163,0.8375447278273799,319.70046294628133,0.081608280254777,11.253658536585366,0.0505573248407643,1.3036279976559857,0.699499931280197,100,0.8,0.9993513738551916,0.0032015551330294,1.0,1.0,0.9989857598541808
D5,sensitivity,3,2512,0.1536659479119837,1.3088885655397202,273.71032238580426,0.0820063694267515,10.12621359223301,0.3168789808917197,1.008483426705444,0.6860019175455417,100,0.8,0.997526467968452,0.004725493229437,0.990827821663761,1.0,0.995255755013014
D5,sensitivity,4,2512,0.1353895958040057,1.8504702903241603,228.4958853447847,0.0804140127388535,9.173267326732674,0.6890923566878981,0.7311577404152304,0.3644420956932013,100,0.8,0.993369195385134,0.0085209263018698,0.9805517278792611,1.0,0.9799924025715108
D5,sensitivity,5,2512,0.14761370588796,1.2446385633940782,198.84104809263843,0.0410031847133757,18.33009708737864,0.7289012738853503,0.9964982767202092,0.3850635593220338,100,0.8,1.0,0.0,1.0,1.0,1.0
D5,sensitivity,6,2512,0.1547110392026779,2.9207774416592502,173.4561446813608,0.0410031847133757,11.74757281553398,0.7093949044585988,0.3556703211586698,0.3867768595041322,100,0.8,0.3732299703356186,0.0921116205060329,0.3356483657810852,0.3875350344061435,0.2470377000636917
D3,full,2,1104,0.3804449805099452,1.0355313709444405,747.7275552195326,0.3034420289855072,2.2955223880597013,0.0253623188405797,1.7916962944272803,0.8154028298041651,100,0.8,0.99723094183383,0.0071147752879305,0.9816583851939374,1.0,0.9978500800619896
D3,full,3,1104,0.2582266590451912,1.899940352716463,502.0746820750077,0.2617753623188406,1.782006920415225,0.0978260869565217,0.966762254358637,0.5082272314979676,100,0.8,0.983990153548056,0.0190284059049166,0.969603840687758,1.0,0.9802027022091964
D3,full,4,1104,0.2463359486354629,2.0554740780116,377.2801981263839,0.134963768115942,3.4093959731543624,0.0588768115942028,0.9718220552623,0.7151367592208868,100,0.8,0.9877450690012374,0.0146110650100059,0.9651908542190948,1.0,0.957956133003914
D3,full,5,1104,0.1825496796298738,2.3607518158787277,308.61361959685576,0.1268115942028985,2.107142857142857,0.0570652173913043,0.635188478361952,0.0799999999999999,100,0.8,0.9834622623012286,0.0153017345264597,0.9616108570198344,1.0,0.9433799032780082
D3,full,6,1104,0.1288302992449439,2.475878718272584,261.1561299892646,0.1286231884057971,1.908450704225352,0.1476449275362318,0.6456548500124922,0.0639784946236559,100,0.8,0.9499552720484156,0.0823525352394345,0.9054097151020872,1.0,0.907142731043339
D3,sensitivity,2,1099,0.3814980854158298,1.035103238235615,749.7178430570825,0.3057324840764331,2.270833333333333,0.0227479526842584,1.7943674995161942,0.8182066404543469,100,0.8,0.995938928610514,0.0092628473894497,0.981529831993805,1.0,0.9969262213984996
D3,sensitivity,3,1099,0.259211845339065,1.9079853637681696,500.9334576960436,0.2575068243858053,1.823321554770318,0.100090991810737,0.9654506914153416,0.503019968773112,100,0.8,0.9872550890052064,0.0173555147020154,0.9713859476640112,1.0,0.9839341567451594
D3,sensitivity,4,1099,0.2466509037797396,2.08028787077318,374.9609535330048,0.1337579617834395,3.45578231292517,0.0591446769790718,0.9618213787864136,0.7094408920361465,100,0.8,0.983605347018168,0.0169468444238489,0.9595772720412878,1.0,0.943563929254802
D3,sensitivity,5,1099,0.1817566485942387,2.37920622677938,306.7990233050415,0.1255686988171064,2.13768115942029,0.0646041856232939,0.634299487807408,0.0806451612903226,100,0.8,0.9781970040071748,0.0139084881444945,0.961764704660418,1.0,0.918172459381992
D3,sensitivity,6,1099,0.1275571134888883,2.490403030975027,259.65888085109907,0.1273885350318471,1.9357142857142855,0.1546860782529572,0.6445706709881389,0.0639784946236559,100,0.8,0.954959609385485,0.0845629144545179,0.9265627705861498,1.0,0.9083031930713792
