dataset,sample,k,cluster,item,probability_above_1,probability_above_2,probability_above_3,probability_above_4,agreement_proportion
D5,full,2,1,U1,0.9576059850374063,0.8703241895261845,0.7082294264339152,0.3628428927680798,0.7082294264339152
D5,full,2,1,U2,0.9488778054862844,0.8728179551122195,0.7111388196176226,0.4010806317539485,0.7111388196176226
D5,full,2,1,U3,0.956359102244389,0.8719866999168745,0.6708229426433915,0.3171238570241064,0.6708229426433915
D5,full,2,1,U4,0.9472152950955944,0.8711554447215295,0.7098919368246052,0.3129675810473815,0.7098919368246052
D5,full,2,1,U5,0.9522028262676642,0.8724023275145469,0.6758104738154613,0.3603491271820448,0.6758104738154613
D5,full,2,1,CD1,0.9538653366583542,0.7809642560266001,0.6217788861180382,0.2672485453034081,0.6217788861180382
D5,full,2,1,CD2,0.9538653366583542,0.8748960931005819,0.6280133000831255,0.3640897755610973,0.6280133000831255
D5,full,2,1,CD3,0.9526184538653366,0.8719866999168745,0.6787198669991688,0.369908561928512,0.6787198669991688
D5,full,2,1,CD4,0.9517871986699916,0.830423940149626,0.5876974231088944,0.2788861180382377,0.5876974231088944
D5,full,2,1,CD5,0.9530340814630092,0.7892768079800498,0.6300914380714879,0.3445552784704904,0.6300914380714879
D5,full,2,1,T1,0.9517871986699916,0.8740648379052369,0.6238570241064006,0.3241895261845386,0.6238570241064006
D5,full,2,1,T2,0.9538653366583542,0.8773898586866168,0.7190357439733999,0.3524522028262676,0.7190357439733999
D5,full,2,1,T3,0.9559434746467166,0.7967581047381546,0.6363258520365752,0.3325020781379884,0.6363258520365752
D5,full,2,1,T4,0.9551122194513716,0.8740648379052369,0.5847880299251871,0.2635078969243558,0.5847880299251871
D5,full,2,1,T5,0.9538653366583542,0.8769742310889443,0.6317539484621779,0.3591022443890274,0.6317539484621779
D5,full,2,1,CT1,0.9497090606816292,0.8221113881961762,0.6138819617622611,0.3075644222776392,0.6138819617622611
D5,full,2,1,CT2,0.9542809642560266,0.871571072319202,0.683291770573566,0.3574397339983375,0.683291770573566
D5,full,2,1,CT3,0.9576059850374063,0.7905236907730673,0.6213632585203658,0.35619285120532,0.6213632585203658
D5,full,2,1,CT4,0.9596841230257688,0.8308395677472984,0.6242726517040732,0.3212801330008312,0.6242726517040732
D5,full,2,1,CT5,0.9505403158769742,0.7909393183707398,0.6338320864505403,0.3192019950124688,0.6338320864505403
D5,full,2,1,AD1,0.9509559434746468,0.8811305070656692,0.656691604322527,0.3100581878636742,0.656691604322527
D5,full,2,1,AD2,0.9625935162094764,0.8798836242726517,0.6687448046550291,0.3150457190357439,0.6687448046550291
D5,full,2,1,AD3,0.958021612635079,0.8807148794679966,0.7169576059850374,0.455527847049044,0.7169576059850374
D5,full,2,1,AD4,0.9526184538653366,0.8761429758935994,0.7082294264339152,0.3192019950124688,0.7082294264339152
D5,full,2,1,AD5,0.955527847049044,0.8744804655029094,0.6745635910224439,0.3075644222776392,0.6745635910224439
D5,full,2,2,U1,0.9951690821256038,0.9903381642512076,0.9855072463768116,0.0048309178743961,0.9855072463768116
D5,full,2,2,U2,0.9951690821256038,0.9806763285024156,0.0048309178743961,0.0,0.0048309178743961
D5,full,2,2,U3,0.9951690821256038,0.9855072463768116,0.0096618357487922,0.0096618357487922,0.0096618357487922
D5,full,2,2,U4,0.9951690821256038,0.9806763285024156,0.0096618357487922,0.0048309178743961,0.0096618357487922
D5,full,2,2,U5,0.9903381642512076,0.0048309178743961,0.0048309178743961,0.0,0.0048309178743961
D5,full,2,2,CD1,0.0193236714975845,0.0144927536231884,0.0048309178743961,0.0,0.0048309178743961
D5,full,2,2,CD2,0.9903381642512076,0.0193236714975845,0.0096618357487922,0.0048309178743961,0.0096618357487922
D5,full,2,2,CD3,0.9855072463768116,0.0048309178743961,0.0048309178743961,0.0,0.0048309178743961
D5,full,2,2,CD4,0.0144927536231884,0.0048309178743961,0.0048309178743961,0.0048309178743961,0.0048309178743961
D5,full,2,2,CD5,0.0241545893719806,0.0144927536231884,0.0144927536231884,0.0048309178743961,0.0144927536231884
D5,full,2,2,T1,0.9903381642512076,0.0193236714975845,0.0048309178743961,0.0048309178743961,0.0048309178743961
D5,full,2,2,T2,0.9903381642512076,0.9855072463768116,0.0144927536231884,0.0048309178743961,0.0144927536231884
D5,full,2,2,T3,0.0193236714975845,0.0048309178743961,0.0048309178743961,0.0,0.0048309178743961
D5,full,2,2,T4,0.9951690821256038,0.0193236714975845,0.0096618357487922,0.0048309178743961,0.0096618357487922
D5,full,2,2,T5,0.9855072463768116,0.0144927536231884,0.0096618357487922,0.0048309178743961,0.0096618357487922
D5,full,2,2,CT1,0.9855072463768116,0.9855072463768116,0.9855072463768116,0.0048309178743961,0.9855072463768116
D5,full,2,2,CT2,0.9951690821256038,0.9855072463768116,0.9806763285024156,0.0048309178743961,0.9806763285024156
D5,full,2,2,CT3,0.9806763285024156,0.9806763285024156,0.0096618357487922,0.0048309178743961,0.0096618357487922
D5,full,2,2,CT4,0.9951690821256038,0.9855072463768116,0.9855072463768116,0.0144927536231884,0.9855072463768116
D5,full,2,2,CT5,1.0,0.9903381642512076,0.9855072463768116,0.0048309178743961,0.9855072463768116
D5,full,2,2,AD1,0.9951690821256038,0.0096618357487922,0.0,0.0,0.0
D5,full,2,2,AD2,0.9806763285024156,0.9806763285024156,0.0096618357487922,0.0096618357487922,0.0096618357487922
D5,full,2,2,AD3,0.9903381642512076,0.9806763285024156,0.0096618357487922,0.0096618357487922,0.0096618357487922
D5,full,2,2,AD4,0.9903381642512076,0.0144927536231884,0.0048309178743961,0.0048309178743961,0.0048309178743961
D5,full,2,2,AD5,0.9951690821256038,0.0144927536231884,0.0048309178743961,0.0,0.0048309178743961
D3,full,2,1,D3_1,0.8998699609882965,0.2964889466840052,0.1690507152145643,0.0182054616384915,0.1690507152145643
D3,full,2,1,D3_2,0.8244473342002601,0.2990897269180754,0.1508452535760728,0.0234070221066319,0.1508452535760728
D3,full,2,1,D3_3,0.9921976592977894,0.9193758127438232,0.8101430429128739,0.2431729518855656,0.8101430429128739
D3,full,2,1,D3_4,0.9986996098829648,0.9505851755526658,0.8049414824447334,0.2457737321196358,0.8049414824447334
D3,full,2,1,D3_5,1.0,0.951885565669701,0.7828348504551366,0.2145643693107932,0.7828348504551366
D3,full,2,1,D3_6,0.9973992197659298,0.9492847854356308,0.7633289986996099,0.1976592977893368,0.7633289986996099
D3,full,2,1,D3_7,0.9973992197659298,0.9427828348504552,0.7737321196358907,0.1586475942782834,0.7737321196358907
D3,full,2,1,D3_8,0.9960988296488946,0.9726918075422628,0.812743823146944,0.2028608582574772,0.812743823146944
D3,full,2,1,D3_9,0.9934980494148244,0.9635890767230167,0.8452535760728218,0.4044213263979194,0.8452535760728218
D3,full,2,2,D3_1,0.991044776119403,0.9582089552238806,0.9014925373134328,0.0597014925373134,0.9014925373134328
D3,full,2,2,D3_2,0.9970149253731344,0.9701492537313432,0.8925373134328358,0.1641791044776119,0.8925373134328358
D3,full,2,2,D3_3,0.9104477611940298,0.1820895522388059,0.0925373134328358,0.0149253731343283,0.0925373134328358
D3,full,2,2,D3_4,0.8507462686567164,0.1791044776119403,0.0417910447761194,0.0,0.0417910447761194
D3,full,2,2,D3_5,0.8895522388059701,0.2059701492537313,0.053731343283582,0.0059701492537313,0.053731343283582
D3,full,2,2,D3_6,0.9014925373134328,0.2,0.0328358208955223,0.0,0.0328358208955223
D3,full,2,2,D3_7,0.826865671641791,0.1671641791044776,0.0507462686567164,0.0059701492537313,0.0507462686567164
D3,full,2,2,D3_8,0.8477611940298507,0.1940298507462686,0.0417910447761194,0.008955223880597,0.0417910447761194
D3,full,2,2,D3_9,0.5283582089552239,0.1164179104477611,0.0298507462686567,0.0059701492537313,0.0298507462686567
