file,sha256,bytes,data_rows,claim_ids,retention
outputs/clustering/cluster_centroids.csv,76356ba58afb95909cac03f3d2c845c0fa46bb39c4f44ef5e1cfe5f311aefa93,124019,1360.0,B08,frozen accepted evidence; historical status text preserved
outputs/clustering/cluster_metrics.csv,b1cc278d4988ae5115409960d1a9d28d00692dba6ac8544ac2a8304d59660dcc,5458,20.0,B07,frozen accepted evidence; historical status text preserved
outputs/clustering/cluster_record_concentration.csv,42612634d04028ea2042351f6ac72f3add037ab4f61a1a8d01115d8635d27336,596,8.0,B10,frozen accepted evidence; historical status text preserved
outputs/clustering/cluster_selection.csv,fc8b95c3bea7126fdf49dc045f96d5ebb00f887b243ee3fb002b6de5dfb00e52,6617,20.0,B07,frozen accepted evidence; historical status text preserved
outputs/clustering/cluster_sizes.csv,a377f661ab4c72a2018007df4a23ef4bed8dea082ab6e48242429b5429315624,3178,80.0,B08,frozen accepted evidence; historical status text preserved
outputs/clustering/cluster_stability.csv,45d200e30a52c1745c89f06b47171db01b88798ebebacd2489f2214e479283cf,4331,80.0,B09,frozen accepted evidence; historical status text preserved
outputs/clustering/clustering_summary.json,4efeeb180a1dfb31c11033cd66a57830507471dbb8831bfb9ec5a718b38e99bc,4445,,B06;B07;B09,frozen accepted evidence; historical status text preserved
outputs/clustering/quality_sensitivity.csv,6c7bd3715282c20c48ab69e6715361783380bc321aadc393c48d5e2f376e1ca6,576,10.0,B09,frozen accepted evidence; historical status text preserved
outputs/clustering/selected_profiles.csv,4bf819d2d615d8a65656ddc8fb2ed80a2d5136a55f1e0c7146dcd0cc9505c7b2,522,4.0,B08,frozen accepted evidence; historical status text preserved
outputs/external_validation/work_package_d/bangladesh_item_coverage.csv,f889a5af7e746c894cbefc7334b745d5fdd3aebfcefb8a11ea8a339173675ba3,1418,34.0,D07,frozen accepted evidence; historical status text preserved
outputs/external_validation/work_package_d/country_factor_correlations.csv,8369c4c8157f9c0fc7d5445682006f7b983315e691a589618ce20d7eb28a449f,336,8.0,D09,frozen accepted evidence; historical status text preserved
outputs/external_validation/work_package_d/country_factor_diagnostics.csv,50803138966ac25773ff89afe629b888a9dfecde3d38b192e4450c221b675265,1245,6.0,D09,frozen accepted evidence; historical status text preserved
outputs/external_validation/work_package_d/country_factor_loadings.csv,380fd7e7d86f13cb7ac633b0bd267e325bd5cded8456162c85b214dbc4011bff,2215,58.0,D09,frozen accepted evidence; historical status text preserved
outputs/external_validation/work_package_d/external_summary.json,f9b410bb4b31e5ed8758650ae45cdb31a6f3ca0ad02346beeeeb7f922b327206,5201,,D07;D08;D10;D11;D12,frozen accepted evidence; historical status text preserved
outputs/external_validation/work_package_d/field_audit.csv,8705d09c6231217ff761fd124d0100fb37d6b914e005b1303bc99573bb39c1a1,2747,41.0,D06,frozen accepted evidence; historical status text preserved
outputs/external_validation/work_package_d/item_category_support.csv,1cf95d92c3b6c4906f4c498f845ec8cf54761fb2b8c64e0e360753b141c16419,1476,58.0,D11,frozen accepted evidence; historical status text preserved
outputs/external_validation/work_package_d/item_compatibility.csv,ea006b8e8c3b23c0e98494d77dd0b3dba566309e1563ad0259c89486736e17c4,5827,29.0,D07,frozen accepted evidence; historical status text preserved
outputs/external_validation/work_package_d/item_distributions.csv,b1a47ee42c33a24a2406cb2065b5d9ae13b38d4c9c3e0655f2f60c161b3335b7,11313,290.0,D11,frozen accepted evidence; historical status text preserved
outputs/external_validation/work_package_d/observed_item_associations.csv,e1e342b9e0461e7d7f32b045469dd688b7a23ba1ba03efe1fb712d00d8733140,1033,4.0,D12,frozen accepted evidence; historical status text preserved
outputs/external_validation/work_package_d/ordinal_equality_comparisons.csv,0c573673a9dbe86de6b97de76bacae5c38f017048aab6b81d2d537f7d3cd528c,78,0.0,D11,frozen accepted evidence; historical status text preserved
outputs/external_validation/work_package_d/ordinal_model_fit.csv,2f5e671dae0c487aaad771c20c39eb7d6210ac54aad413c5b59a099f4324af15,893,3.0,D10,frozen accepted evidence; historical status text preserved
outputs/external_validation/work_package_d/ordinal_model_parameters.csv,18618692782b056002289b886c735723ff1a6d4760166ce51759b885a7422ab1,29725,388.0,D10,frozen accepted evidence; historical status text preserved
outputs/external_validation/work_package_d/population_marginals.csv,93431a292d56600cf5170f821e1365779f792c2e6c8eda55b1900ac40659d8ac,8511,103.0,D06,frozen accepted evidence; historical status text preserved
outputs/external_validation/work_package_d/sample_accounting.csv,556cd49d9e25b0644e9a610259a14d504e192511fea5f9768edb6d5d86422821,393,2.0,D06,frozen accepted evidence; historical status text preserved
outputs/external_validation/work_package_d/subdimension_reliability.csv,65257373c52607bb20f556593854a109efd917b7847477285c12eb02958b84a4,1015,12.0,D09,frozen accepted evidence; historical status text preserved
outputs/external_validation/work_package_d/workbook_inventory.csv,7b0c35dd2104885d1575f9b0188fddbd1e595c6867d587e2b7a2ce2528ec705c,194,2.0,D06,frozen accepted evidence; historical status text preserved
outputs/modeling/work_package_c/derived_information_policy.csv,5a7d64c5553d1252adbc7d1f6448d717d73667db82a3dbeeb4143747c2cf7b8c,1549,15.0,C02,frozen accepted evidence; historical status text preserved
outputs/modeling/work_package_c/evaluation_overlap.csv,489f27a7da66757fd53b843433b4a80eef7b0989d08f4b9f4fb15db15a7fdadc,3242,36.0,C03,frozen accepted evidence; historical status text preserved
outputs/modeling/work_package_c/feature_eligibility.csv,0604a3a261f876eda1deb8c24162ca32a37de47c80edd2a22e0542b3186475a1,8433,30.0,C02,frozen accepted evidence; historical status text preserved
outputs/modeling/work_package_c/group_allocation_feasibility.csv,b5a34d1268e974c00964c1a55ba4d1c6782e169938d34cbdf986284e15ccd4f7,881,6.0,C03,frozen accepted evidence; historical status text preserved
outputs/modeling/work_package_c/metadata_profile_descriptions.csv,de24322f72e12e6448d8933e071fcc6a63c20dd74c8a265157e84f22438a61c9,27469,318.0,C05,frozen accepted evidence; historical status text preserved
outputs/modeling/work_package_c/predictive_audit_summary.json,22a85a51e4aaee3460dc0ac3d495c07b90cfa60ee27796a321cf422da263510c,5757,,B01;C04,frozen accepted evidence; historical status text preserved
outputs/modeling/work_package_c/quality_target_comparison.csv,e606b324fabc58b316243496e1901f9a6ca878744e38e87fd1c863a1148cdc2f,272,1.0,C01,frozen accepted evidence; historical status text preserved
outputs/modeling/work_package_c/record_concentration.csv,aa5c83c2897c11a64b6335d03771ad08cb078de1b072a96f4817691567b42a41,595,6.0,C03,frozen accepted evidence; historical status text preserved
outputs/modeling/work_package_c/summary.md,02098f1060fb13777f139e79eb338b741014fa59130e3c1ffbfb7f5c653b6472,1563,,,frozen accepted evidence; historical status text preserved
outputs/modeling/work_package_c/target_reconstruction.csv,06d318a3372361955879d31e3d908f616c766ec9c4cf4e73b7b5691e3e1ab2f0,695,2.0,C01,frozen accepted evidence; historical status text preserved
outputs/outcome_validation/work_package_d/cgpa_comparisons.csv,1cf243fe6307225e5f90c801fbfbe6e88be66172c3fa6bebc32724113aa1d08a,912,3.0,D02;D03,frozen accepted evidence; historical status text preserved
outputs/outcome_validation/work_package_d/cgpa_distributions.csv,39827f1a1848c283e0db9756b01e7343e1f844c4f24ca70414d4fe54f881051b,1566,24.0,D01,frozen accepted evidence; historical status text preserved
outputs/outcome_validation/work_package_d/cgpa_eligibility.csv,63fe6a16f4fc49004895a7af5a20d21bc6a8f9479dd89c22cc946b7f19fef013,274,4.0,D01,frozen accepted evidence; historical status text preserved
outputs/outcome_validation/work_package_d/cgpa_profile_descriptions.csv,3a1e3a50cd6788f500ccb0004e07f112fbedd8ee5e9d7293a15e1acfed43f06d,534,6.0,D01,frozen accepted evidence; historical status text preserved
outputs/outcome_validation/work_package_d/conditional_uncertainty.csv,d6a743bb84e5bd95c38f5f8c35f654d25375f09c438449880c6295ce359d216c,1607,9.0,D04,frozen accepted evidence; historical status text preserved
outputs/outcome_validation/work_package_d/outcome_summary.json,192ed5480ce407d170a8443e6eb05dde3d7b5127ce2e86d994e2e244f630a0af,2690,,D04;D05,frozen accepted evidence; historical status text preserved
outputs/outcome_validation/work_package_d/profile_reconstruction.csv,866d17b315edd01e4970e5cef5652bc830da0cbfa2ee1818cd6e682e10442425,589,2.0,D03,frozen accepted evidence; historical status text preserved
outputs/outcome_validation/work_package_d/record_concentration.csv,a5f91c63f0eddf03f73e1f69da00adeb955b01716efe657beae844bca8efbe74,491,6.0,D03,frozen accepted evidence; historical status text preserved
outputs/outcome_validation/work_package_d/sample_accounting.csv,9b72b499c27b4bb5d9555f369b8df37809bd97130107cf54cd3250de02f80f0e,233,3.0,D01,frozen accepted evidence; historical status text preserved
outputs/provenance/d3_institution_reconciliation.csv,dcbc5469c550f5ca28a271880738d6b38fe23b15b2059a22df81806d2de8f8bb,7440,30.0,A04,frozen accepted evidence; historical status text preserved
outputs/provenance/d5_questionnaire_coverage.csv,911d421a3aec4029147c12d20fc4cae8ac75a67de325d9d89adcdf322923c3c6,5980,25.0,A03,frozen accepted evidence; historical status text preserved
outputs/provenance/source_closure_matrix.csv,663d4502c9173eba0e81dd250013477e0ce0e4256e0e29cacecb6539b7d56e22,2929,7.0,A02,frozen accepted evidence; historical status text preserved
outputs/provenance/source_reconciliation.json,e0858b9e5e652f05395cb787e1b2e1d96a534b210f2f2c14a2c35bec73e2a196,11951,,A01;A03,frozen accepted evidence; historical status text preserved
outputs/psychometrics/factor_correlations.csv,6f171a70d29fe808e2fdd5eee275332a83fe61e69341f1c5d6abda495b306112,3006,42.0,B03,frozen accepted evidence; historical status text preserved
outputs/psychometrics/factor_loadings.csv,4b33457b5a27159441f236757699e62963e69eec370a96e5dd55679a9882a7e1,29581,404.0,B04,frozen accepted evidence; historical status text preserved
outputs/psychometrics/factor_models.csv,1641c647552af48be79fb5c9f6fffdcc80dc9870ccfbc3caf0db981721942d02,1201,10.0,B03,frozen accepted evidence; historical status text preserved
outputs/psychometrics/item_correlations.csv,8f88dd7f1e0796d90642438543c7560831172a4b6080790780c81852d8cba22e,42782,672.0,B05,frozen accepted evidence; historical status text preserved
outputs/psychometrics/item_diagnostics.csv,f5fce65616daa2f5117f71618fa289c0303c725d4c647397aa94927e56a533de,6119,50.0,B02,frozen accepted evidence; historical status text preserved
outputs/psychometrics/item_distributions.csv,15548e7f9d5ad7e9a301950951034a2b7e0b700dff1c345882498b3a39619c4c,2795,68.0,B05,frozen accepted evidence; historical status text preserved
outputs/psychometrics/item_inventory.csv,4265ec2bb262fa585970c75deb0dca670093ee4344e113119d7447c34f92d5cd,3987,34.0,B06,frozen accepted evidence; historical status text preserved
outputs/psychometrics/measurement_assumptions.csv,8c0218973c445a23e3265ff2f2e7add96c4c51ca4940354a6ff7bab5b7fbb50c,666,4.0,B05,frozen accepted evidence; historical status text preserved
outputs/psychometrics/measurement_summary.json,3e1ceb90db5124519845b986f31b73b41bcf5ae93c516fec8930b847fb6c9b29,5373,,B01;B02;B04;B05;B06,frozen accepted evidence; historical status text preserved
outputs/psychometrics/parallel_analysis.csv,4971420ad25b17c7a8eeb8902c33e46e4e663304b59a452f1743182ea0aa1ba4,4526,68.0,B04,frozen accepted evidence; historical status text preserved
outputs/psychometrics/reliability.csv,e7643df6294d0a8ad116a7df698ea7475a6f8a0e5db42d63615e56308aace80a,2518,10.0,B02,frozen accepted evidence; historical status text preserved
