id,research_question,retained_finding,permitted_interpretation,prohibited_overclaim,manuscript_section,role,key_evidence_display,authoritative_files
A01,What records were released?,D5 and D3 active files match the supplied official releases.,"Record counts, exact repeated patterns and release identity are established for the compared bytes.",Verified unique people; locally missing D5 respondent; authorization to deduplicate.,Methods: data sources; Table 1,main,"D5: 2613 records, 30 columns; 42 repeated groups, 493 members, 451 excess repetitions, largest group 200. D3: 1104 records, 15 columns; 45 groups, 207 members, 162 excess, largest group 63. Both active/release hashes identical.",outputs/provenance/source_reconciliation.json
A02,Are source descriptions complete?,"D5 metadata count and cleaning language, and D3 institution counts remain unresolved externally.",A is accepted with explicitly retained external source limitations.,Reopening A solely because historical closure flags remain true; resolving discrepancies by assumption.,Methods: provenance; Limitations,main,D5 metadata 2614 vs release 2613; deduplication rule undocumented. D3 metadata 22 universities vs 30 literal labels. Seven closure questions retained with original status fields; later canonical A acceptance governs execution.,outputs/provenance/source_closure_matrix.csv
A03,What measurement documentation exists?,D5 questionnaire coverage is partial; the supplied dictionary does not cover D3/D5.,Use literal item responses and disclosed source-defined headings.,"Invented scoring, reverse keys, validated scales or complete source documentation.",Methods: measures; Limitations,main,25 D5 CSV items crosswalked against a partial three-page questionnaire supplement. No supplied D3/D5 dictionary section or supported reverse/scoring key.,outputs/provenance/d5_questionnaire_coverage.csv;outputs/provenance/source_reconciliation.json
A04,Can institutions be harmonized?,Thirty literal D3 institution labels are preserved.,Names are literal released labels; one constituent-college relationship does not explain the reported 22.,Thirty independently verified sampled universities; unsupported alias merges.,Methods: provenance; Supplement,supplement,"30 unchanged literal labels; one possible constituent-college parent grouping yields 29, not 22; no aliases applied.",outputs/provenance/d3_institution_reconciliation.csv
B01,What samples are analyzed?,Full records remain primary; invariant-response exclusion is a sensitivity only.,D5 2613/2512 and D3 1104/1099 full/sensitivity records; no permanent exclusions.,Proven careless respondents; complete-case causal identification; deleted primary records.,Methods: response quality; Table 1,main,"D5 full/sensitivity 2613/2512, invariant-response flags 101. D3 1104/1099, flags 5. Permanent exclusions 0.",outputs/psychometrics/measurement_summary.json;outputs/modeling/work_package_c/predictive_audit_summary.json
B02,Are the five sections validated?,No D5 source-defined section passes all prespecified screens in both samples.,Report raw alpha and conditional ordinal omega together with item loading and residual screens.,Validated five-subscale instrument; omega as observed-score reliability; reliability alone as validity.,Results: measurement; Table 2; Figure 1,main,Full raw alpha/ordinal omega U 0.479382/0.555266; CD 0.706187/0.725807; T 0.609962/0.641825; CT 0.556279/0.606111; AD 0.553421/0.579520. Sensitivity raw alpha 0.393744/0.670457/0.551257/0.487915/0.483975. Zero sections pass every screen in either sample. Exact unrounded coefficients in referenced rows.,outputs/psychometrics/reliability.csv;outputs/psychometrics/item_diagnostics.csv;outputs/psychometrics/measurement_summary.json
B03,Does the proposed five-factor structure hold?,The five-section ULS CFA is inadmissible in both D5 samples.,Factor correlations above one defeat interpretation of apparent fit.,A supported five-factor model; WLSMV or robust fit indices for this B analysis.,Results: measurement; Limitations,main,"full: proper=False, maximum factor correlation=1.0655661116781987; sensitivity: proper=False, maximum factor correlation=1.0777362053203807",outputs/psychometrics/factor_models.csv;outputs/psychometrics/factor_correlations.csv
B04,What does exploratory measurement show?,"Parallel analysis retains five D5 factors and two D3 factors, but marker sufficiency fails.",Exploratory factors describe these records; weakly defined factors do not supply scoring keys.,Five validated constructs; a validated D3 two-factor scale; independent confirmation.,Results: measurement; Supplement,main,"Retained factors D5 5/5, D3 2/2 (full/sensitivity). Clear markers D5 [4,4,3,2,1]/[4,3,1,2,1]; D3 [7,2]/[7,2]. Marker-screen passes=False in all four samples.",outputs/psychometrics/parallel_analysis.csv;outputs/psychometrics/factor_loadings.csv;outputs/psychometrics/measurement_summary.json
B05,Are ordinal assumptions secure?,Polychoric and item-distribution diagnostics are conditional measurement checks.,Report finite-sample latent-normal assumptions and repeated-record limitations.,Confirmed latent normality or respondent independence; equidistant Likert scores.,Methods: measurement; Supplement,supplement,"Four sample-level assumption rows, 672 pairwise item-correlation rows and 68 item-distribution rows retained in full; see exact-row register.",outputs/psychometrics/measurement_assumptions.csv;outputs/psychometrics/item_correlations.csv;outputs/psychometrics/item_distributions.csv;outputs/psychometrics/measurement_summary.json
B06,Which representation is defensible?,All ordinal items enter equal-weight cumulative-threshold distances.,No latent or source-section scores are used; HTMT is not interpreted.,Validated latent scores; reliable section means rescued by HTMT.,Methods: descriptive clustering,main,"Four cumulative thresholds per item divided by two; squared distance is absolute ordinal-category difference summed over items / 4. D5 25 items, D3 9. No section scores or interpreted HTMT.",outputs/psychometrics/item_inventory.csv;outputs/clustering/clustering_summary.json;outputs/psychometrics/measurement_summary.json
B07,How many descriptive profiles are retained?,"The fixed selection rule selects k=2 independently in D5 and D3, in both samples.",Show all k=2 to 6 candidates and the fixed rule; k=2 is a descriptive partition. Nonselected k=3-6 diagnostic values have documented replay differences; preserve accepted values and disclose the register. Selected k=2 and all aggregate selection ranks/screens/decisions agree.,Four natural types or ordered severity tiers; external prediction from internal fit.,Results: descriptive structure; Table 3; Figure 2,main,"k=2 selected for D5 and D3 in both samples from k=2,...,6. All 20 candidate-metric and selection rows retained. Full silhouette D5 0.19886669664785395; D3 exact value in source rows.",outputs/clustering/cluster_selection.csv;outputs/clustering/cluster_metrics.csv;outputs/clustering/clustering_summary.json
B08,What do selected profiles describe?,Within-dataset item endorsement profiles differ in the accepted k=2 partitions.,Use neutral D5_P1/P2 and D3_P1/P2 labels and literal item agreement probabilities.,Interchangeable profiles across instruments; severe or low-risk diagnoses; psychological types.,Results: descriptive structure; Table 3; Figure 3,main,"D5 primary P1/P2 2406/207, sensitivity 2307/205; D3 primary 769/335, sensitivity 763/336. Every selected item centroid retained; probabilities refer to literal item endorsement.",outputs/clustering/cluster_sizes.csv;outputs/clustering/cluster_centroids.csv;outputs/clustering/selected_profiles.csv
B09,How stable are the descriptive partitions?,"Omitted-record perturbation stability and quality-sensitivity agreement are high, conditional on released multiplicities.",ARI/Jaccard describe perturbations against the full-record reference; percentiles are not confidence intervals. Nonselected k=3-6 diagnostic values have documented replay differences; preserve accepted values and disclose the register. Selected k=2 and all aggregate selection ranks/screens/decisions agree.,External replication; generalizable accuracy; independent people.,Results: descriptive structure; Figure 2; Supplement,main,"Mean primary omitted-record ARI D5 0.99441975014007; D3 0.997231 (rounded). Full/sensitivity common-record ARI D5 0.9937792070102187, D3 0.9962755251009426. 100 repetitions, fraction 0.8. Exact full candidate values in source rows.",outputs/clustering/cluster_stability.csv;outputs/clustering/quality_sensitivity.csv;outputs/clustering/clustering_summary.json
B10,How concentrated are the profiles?,D5_P2 is dominated by one exact repeated pattern; D3 also contains concentrated repeated records.,Report 200/207 D5_P2 records (96.6184%) and 200/205 (97.5610%) in sensitivity beside stability.,Population prevalence of a distinct type; fraud or duplicate-person identification; deduplication.,Results: descriptive structure; Table 3; Figure 3; Limitations,main,"D5 primary P2 200/207=0.966183574879227; sensitivity 200/205=0.975609756097561. D3 primary P2 largest pattern 63/335=0.1880597014925373. Anonymous patterns, not verified people.",outputs/clustering/cluster_record_concentration.csv
C01,Can accepted targets be reconstructed?,Accepted centroid reconstruction reproduces profile sizes and centroids within the fixed tolerance.,"Reconstruction of the accepted descriptive target is an audit, not prediction; direct membership comparison only where supplied.",A trained classifier; held-out accuracy; proof of natural classes.,Methods: feasibility audit; Supplement,main,Accepted sizes and centroid reconstruction pass fixed 1e-12 absolute tolerance in both samples. Original membership archive unavailable in accepted C/D invocation. Two changed D5 quality assignments; exact comparison in source.,outputs/modeling/work_package_c/target_reconstruction.csv;outputs/modeling/work_package_c/quality_target_comparison.csv
C02,Are independent psychological predictors available?,All 25 D5 survey items define the target; only five contextual metadata fields avoid direct target construction.,Psychological correlate identification is unavailable under this target design.,"Leakage-free prediction using trust, thinking or decision items that construct the target.",Results: predictive-feasibility boundary; Table 4,main,25 direct-target survey fields excluded; 5 contextual fields eligible by information origin; independent psychological predictors=[]; 15 derived-information policies retained.,outputs/modeling/work_package_c/feature_eligibility.csv;outputs/modeling/work_package_c/derived_information_policy.csv
C03,Would a record-random split establish prediction?,Forty of 41 D5_P2 held-out records share a full pattern with training.,The 200-record group exceeds both requested P2 allocations (166/41); the specified intact-pattern allocation is impossible.,Generalizable predictive performance; fabricated effective sample size; infeasibility of every imaginable future design.,Results: predictive-feasibility boundary; Table 4,main,"Primary P2 train/test 166/41; 40 test records have training pattern overlap, 1 unseen; largest group=200 > both allocations. P1 train/test 1924/482 with 65 overlapping and 417 unseen records. All 36 split/fold overlap rows retained.",outputs/modeling/work_package_c/evaluation_overlap.csv;outputs/modeling/work_package_c/group_allocation_feasibility.csv;outputs/modeling/work_package_c/record_concentration.csv
C04,What predictive evidence was produced?,"C stops at the accepted feasibility blocker; no model comparison, calibration or explanation was performed.",Retain the negative feasibility result and remove V3 prediction/XAI claims.,"Classifier rankings, F1/AUC, SHAP, LIME, causal explanations or deployment readiness.",Results; Discussion; Conclusion,main,gate.status=blocked; modeling_performed=False; explainability_performed=False; best_model=null; performance/explanations not applicable.,outputs/modeling/work_package_c/predictive_audit_summary.json;outputs/modeling/work_package_c/predictive_audit_summary.json;outputs/modeling/work_package_c/predictive_audit_summary.json
C05,What contextual description can remain?,Accepted metadata marginals are descriptive only.,Single-field marginal counts by fixed target and sensitivity may appear in the supplement.,"Demographic effects, joint individual records, significance, causal correlates or fairness validation.",Supplement: contextual marginals,supplement,"318 accepted marginal rows across full, fixed-target quality and refitted-target quality variants; no hypothesis tests or released joint individual metadata.",outputs/modeling/work_package_c/metadata_profile_descriptions.csv
D01,What outcome is observed?,D3 records contain four ordered self-reported CGPA bands with 1104 eligible records.,Preserve the literal bands and unknown exact-2.50 boundary; compare nominal profiles.,Exact GPA means or midpoints; ordinal ordering of profiles; objective achievement.,Methods: outcome; Results: CGPA; Table 5; Figure 4,main,"1104 eligible records; ordered-band totals 8/204/649/243. P1 counts 6/138/443/182; P2 2/66/206/61. Recorded bands: Below 2.50, 2.51-3.00, 3.01-3.50, Above 3.50.",outputs/outcome_validation/work_package_d/cgpa_eligibility.csv;outputs/outcome_validation/work_package_d/sample_accounting.csv;outputs/outcome_validation/work_package_d/cgpa_distributions.csv;outputs/outcome_validation/work_package_d/cgpa_profile_descriptions.csv
D02,Do D3 profiles differ in CGPA bands?,The full-record rank comparison is very small and inconclusive.,"Report H=2.8025254, nominal p=0.094116, H/(N-1)=0.00254082 and delta(P2-P1)=-0.0559012.","Established harm or benefit; no association, equivalence or a reversed hypothesis.",Results: CGPA; Table 6; Discussion,main,H(1)=2.8025254004; nominal p=0.0941159605; H/(N-1)=0.0025408209; Cliff delta(P2-P1)=-0.055901248 (display precision; exact source rows retained).,outputs/outcome_validation/work_package_d/cgpa_comparisons.csv
D03,Does quality sensitivity alter that outcome interpretation?,Fixed-target and refitted-target sensitivities remain small and inconclusive.,Distinguish fixed labels (764/335) from refitted labels (763/336); retain all primary records.,An independent replication; selecting the smallest p; ordered severity trends.,Results: CGPA; Table 6,main,"Fixed-label sensitivity n=1099, P1/P2=764/335; nominal p=0.0853273078, delta=-0.0574783152. Refit sensitivity P1/P2=763/336; p=0.1054489897, delta=-0.0540395057. Exact H/effect values in source rows.",outputs/outcome_validation/work_package_d/cgpa_comparisons.csv;outputs/outcome_validation/work_package_d/record_concentration.csv;outputs/outcome_validation/work_package_d/profile_reconstruction.csv
D04,How dependent is uncertainty on sampling assumptions?,All nine conditional percentile intervals for Cliff delta include zero.,"Show record, intact full-pattern and literal-institution resampling assumptions; no population-coverage or selection-uncertainty guarantee.",Design-valid population confidence intervals; proof of equivalence or respondent independence.,Results: CGPA; Table 6; Figure 4; Limitations,main,"9/9 intervals include zero; 10000 resamples each; invalid replicates=0. Primary record interval [-0.12106098247384663,0.007597383692719745]; pattern [-0.13092019268659044,0.018237741960858058]; institution [-0.1126954866080093,0.0765655748205707].",outputs/outcome_validation/work_package_d/conditional_uncertainty.csv;outputs/outcome_validation/work_package_d/outcome_summary.json
D05,Is a post-hoc family needed?,Two nominal profiles yield only one contrast.,The sole Cliff contrast accompanies the rank comparison; no additional pairwise search.,Undisclosed multiple-comparison fishing or unperformed post-hoc tests.,Methods: outcome,supplement,"Two nominal profiles, one sole pairwise contrast; no additional post-hoc family.",outputs/outcome_validation/work_package_d/outcome_summary.json
D06,What is the external sample?,The external workbook has 239 records and 227 source-flagged active users: USA 116 and Indonesia 111.,Keep the countries separate and report each six-record nonactive exclusion under the source flag.,Bangladesh population replication; representative country samples; new exclusions or Vietnam substitution.,Methods: external compatibility; Table 7,main,"Workbook: 2 worksheets, 239 records, 41 fields, 41 codebook entries. USA 122 source /116 active; Indonesia 117/111. Six nonactive records per country, whole 29-item battery missing. No raw deletions.",outputs/external_validation/work_package_d/workbook_inventory.csv;outputs/external_validation/work_package_d/field_audit.csv;outputs/external_validation/work_package_d/sample_accounting.csv;outputs/external_validation/work_package_d/population_marginals.csv
D07,Are instruments comparable?,All 29 external items and 34 Bangladesh items are crosswalked; no exact common anchors exist.,"External thinking items measure a different wording/domain; task performance is self-rated, not CGPA.",Bangladesh-to-USA/Indonesia latent equivalence; replicated profiles; objective performance.,Results: compatibility; Limitations,main,29 external items and 34 Bangladesh items covered. Exact common anchors=0. External domains GAID11/CT11/TP7; different wording and outcome meaning.,outputs/external_validation/work_package_d/item_compatibility.csv;outputs/external_validation/work_package_d/bangladesh_item_coverage.csv;outputs/external_validation/work_package_d/external_summary.json
D08,Are translations equivalent?,Original language instruments and translation/adaptation evidence are unavailable.,The common English workbook/codebook is insufficient to establish semantic equivalence.,"Verified translation, shared response meaning, country latent mean comparison.",Methods; Limitations,main,No original translated/adapted instruments available. Common English codebook alone cannot verify semantic equivalence.,outputs/external_validation/work_package_d/external_summary.json
D09,What country-specific measurement checks were obtained?,Country ULS fits and subdimension reliabilities show limitations and are not invariance tests.,"Retain all six diagnostics, including USA thinking residual misfit and Indonesia thinking factor correlation.",Pooled measurement validity; reliable scale scores inferred from one fit index.,Results: compatibility; Supplement,main,"Six country ULS diagnostics; 12 subdimension-reliability rows. USA CT maximum residual=0.4028139446185877 and RMSR=0.12029828837050682; Indonesia CT maximum factor correlation=0.9535404533652998. All diagnostics retained, including TP residuals.",outputs/external_validation/work_package_d/subdimension_reliability.csv;outputs/external_validation/work_package_d/country_factor_diagnostics.csv;outputs/external_validation/work_package_d/country_factor_loadings.csv;outputs/external_validation/work_package_d/country_factor_correlations.csv
D10,Can ordinal equality testing proceed?,GAID configural follow-up fails for Indonesia and the multigroup fit.,Report scaled and robust indices without substituting one convention; stop before equality constraints.,Established threshold/loading/intercept invariance or latent mean comparability.,Results: compatibility; Table 7,main,"GAID follow-up pass USA=True, Indonesia=False, multigroup=False. Scaled RMSEA 0.047488040604628454/0.12112118223059988/0.091470 (last rounded); scaled/robust indices and all 388 parameter rows retained.",outputs/external_validation/work_package_d/ordinal_model_fit.csv;outputs/external_validation/work_package_d/ordinal_model_parameters.csv;outputs/external_validation/work_package_d/external_summary.json
D11,Why are other equality tests absent?,Category support blocks CT and TP ordinal invariance testing; the equality table is intentionally empty.,"No merging response categories, dropping items or changing constructs to obtain invariance.",Missing tests as support for invariance; successful country scale validation.,Results: compatibility; Table 7; Supplement,main,58 item-country category-support rows; CT/TP blocked; ordinal equality-comparison table has 0 data rows. No item deletion or category merging.,outputs/external_validation/work_package_d/item_category_support.csv;outputs/external_validation/work_package_d/item_distributions.csv;outputs/external_validation/work_package_d/ordinal_equality_comparisons.csv;outputs/external_validation/work_package_d/external_summary.json
D12,What bounded observed associations remain?,"Four within-country observed-item associations are small, uncertain and nonsignificant after Holm adjustment.","Report exact item pairs, n, rho, permutation p, four-test Holm p and conditional intervals; exploratory only.",Cross-country differences; replicated Bangladesh mechanisms; absence of effects; latent or causal associations.,Results: observed-item context; Table 8; Figure 5,main,"USA n116: GAID6-CT9 rho=0.09763037786486334, Holm p=0.9105; GAID6-TP6 rho=-0.03382755893719395, Holm p=1. Indonesia n111: rho=-0.034280 (rounded), Holm p=1; rho=0.121467 (rounded), Holm p=0.8196. Four fixed tests; 9999 permutations and 5000 bootstrap draws. Full exact statistics in source rows.",outputs/external_validation/work_package_d/observed_item_associations.csv;outputs/external_validation/work_package_d/external_summary.json
