column,research_role,target_defining_information,derived_from_target_defining_information,candidate_predictor,reason,leakage_risk,final_eligibility_decision,measurement_or_support_limitation,missing_records,distinct_nonmissing_values
Gender,demographic_context,no,no,yes,Recorded gender category; not a psychological construct.,no_target_derivation; unresolved_cross_partition_record_dependence,leakage_eligible_context; prediction_withheld_by_evaluation_gate,Self-report only; repeated-record concentration limits independent interpretation.,0,2
Age,demographic_context,no,no,yes,"Recorded integer age text, described by exact category without a fitted trend.",no_target_derivation; unresolved_cross_partition_record_dependence,leakage_eligible_context; prediction_withheld_by_evaluation_gate,No imputation or binning; chronology and independent collection are unverified.,0,11
University Type,educational_context,no,no,yes,"Recorded institution-type category, not an institution identifier.",no_target_derivation; unresolved_cross_partition_record_dependence,leakage_eligible_context; prediction_withheld_by_evaluation_gate,The Other category has sparse support; no categories are silently dropped or merged.,0,3
Academic Level,educational_context,no,no,yes,Recorded undergraduate or postgraduate category; not psychological measurement.,no_target_derivation; unresolved_cross_partition_record_dependence,leakage_eligible_context; prediction_withheld_by_evaluation_gate,No temporal or causal ordering relative to item responses is established.,0,2
Department/Discipline,educational_context,no,no,yes,"Recorded discipline label, retained literally.",no_target_derivation; unresolved_cross_partition_record_dependence,leakage_eligible_context; prediction_withheld_by_evaluation_gate,Abbreviations and expanded names remain separate without an authoritative mapping.,0,35
AI Usage [I use generative AI tools regularly for academic purposes.],target_defining_survey_item,yes,no,no,Target-defining B item; using it as a predictor is circular.,direct_target_leakage,ineligible_for_prediction,Not independent of target construction.,0,5
AI Usage [I use AI tools for assignment writing.],target_defining_survey_item,yes,no,no,Target-defining B item; using it as a predictor is circular.,direct_target_leakage,ineligible_for_prediction,Not independent of target construction.,0,5
AI Usage [I use AI tools for study planning.],target_defining_survey_item,yes,no,no,Target-defining B item; using it as a predictor is circular.,direct_target_leakage,ineligible_for_prediction,Not independent of target construction.,0,5
AI Usage [I use AI tools for research-related tasks.],target_defining_survey_item,yes,no,no,Target-defining B item; using it as a predictor is circular.,direct_target_leakage,ineligible_for_prediction,Not independent of target construction.,0,5
AI Usage [I depend on AI tools to complete academic work faster.],target_defining_survey_item,yes,no,no,Target-defining B item; using it as a predictor is circular.,direct_target_leakage,ineligible_for_prediction,Not independent of target construction.,0,5
Cognitive Dependence [I feel uncomfortable completing academic tasks without AI tools.],target_defining_survey_item,yes,no,no,Target-defining B item; using it as a predictor is circular.,direct_target_leakage,ineligible_for_prediction,Not independent of target construction.,0,5
Cognitive Dependence [I rely on AI before thinking independently.],target_defining_survey_item,yes,no,no,Target-defining B item; using it as a predictor is circular.,direct_target_leakage,ineligible_for_prediction,Not independent of target construction.,0,5
Cognitive Dependence [AI tools have become essential to my academic workflow.],target_defining_survey_item,yes,no,no,Target-defining B item; using it as a predictor is circular.,direct_target_leakage,ineligible_for_prediction,Not independent of target construction.,0,5
Cognitive Dependence [I use AI tools even for simple academic decisions.],target_defining_survey_item,yes,no,no,Target-defining B item; using it as a predictor is circular.,direct_target_leakage,ineligible_for_prediction,Not independent of target construction.,0,5
Cognitive Dependence [I feel less confident working without AI assistance.],target_defining_survey_item,yes,no,no,Target-defining B item; using it as a predictor is circular.,direct_target_leakage,ineligible_for_prediction,Not independent of target construction.,0,5
Trust in AI [I trust AI-generated academic responses.],target_defining_survey_item,yes,no,no,Target-defining B item; using it as a predictor is circular.,direct_target_leakage,ineligible_for_prediction,Not independent of target construction.,0,5
Trust in AI [AI tools usually provide reliable information.],target_defining_survey_item,yes,no,no,Target-defining B item; using it as a predictor is circular.,direct_target_leakage,ineligible_for_prediction,Not independent of target construction.,0,5
Trust in AI [I rarely verify AI-generated answers before using them.],target_defining_survey_item,yes,no,no,Target-defining B item; using it as a predictor is circular.,direct_target_leakage,ineligible_for_prediction,Not independent of target construction.,0,5
Trust in AI [I believe AI tools make better academic suggestions than I can myself.],target_defining_survey_item,yes,no,no,Target-defining B item; using it as a predictor is circular.,direct_target_leakage,ineligible_for_prediction,Not independent of target construction.,0,5
Trust in AI [I trust AI recommendations for academic decision-making.],target_defining_survey_item,yes,no,no,Target-defining B item; using it as a predictor is circular.,direct_target_leakage,ineligible_for_prediction,Not independent of target construction.,0,5
Critical Thinking [Using AI tools reduces my need to think deeply.],target_defining_survey_item,yes,no,no,Target-defining B item; using it as a predictor is circular.,direct_target_leakage,ineligible_for_prediction,Not independent of target construction.,0,5
Critical Thinking [I analyze less when using AI-generated responses.],target_defining_survey_item,yes,no,no,Target-defining B item; using it as a predictor is circular.,direct_target_leakage,ineligible_for_prediction,Not independent of target construction.,0,5
Critical Thinking [I prefer AI explanations over conducting my own research.],target_defining_survey_item,yes,no,no,Target-defining B item; using it as a predictor is circular.,direct_target_leakage,ineligible_for_prediction,Not independent of target construction.,0,5
Critical Thinking [AI tools reduce my independent problem-solving efforts.],target_defining_survey_item,yes,no,no,Target-defining B item; using it as a predictor is circular.,direct_target_leakage,ineligible_for_prediction,Not independent of target construction.,0,5
Critical Thinking [I rely more on AI-generated ideas than my own thinking.],target_defining_survey_item,yes,no,no,Target-defining B item; using it as a predictor is circular.,direct_target_leakage,ineligible_for_prediction,Not independent of target construction.,0,5
Academic Decision-Making [AI tools influence my academic decisions.],target_defining_survey_item,yes,no,no,Target-defining B item; using it as a predictor is circular.,direct_target_leakage,ineligible_for_prediction,Not independent of target construction.,0,5
Academic Decision-Making [I use AI suggestions for study-related decisions.],target_defining_survey_item,yes,no,no,Target-defining B item; using it as a predictor is circular.,direct_target_leakage,ineligible_for_prediction,Not independent of target construction.,0,5
Academic Decision-Making [AI tools help me choose research topics or project ideas.],target_defining_survey_item,yes,no,no,Target-defining B item; using it as a predictor is circular.,direct_target_leakage,ineligible_for_prediction,Not independent of target construction.,0,5
Academic Decision-Making [I use AI recommendations to improve academic performance.],target_defining_survey_item,yes,no,no,Target-defining B item; using it as a predictor is circular.,direct_target_leakage,ineligible_for_prediction,Not independent of target construction.,0,5
Academic Decision-Making [AI tools positively affect my academic decision-making process.],target_defining_survey_item,yes,no,no,Target-defining B item; using it as a predictor is circular.,direct_target_leakage,ineligible_for_prediction,Not independent of target construction.,0,5
