raw_label,proposed_canonical_institution,evidence,status
Ahsanullah University of Science and Technology,Ahsanullah University of Science and Technology,Official university page identifies AUST and its founding in 1995. BUET is a separate present-day institution; its historical Ahsanullah Engineering College name does not make AUST an alias. Source: https://www.aust.edu/ (checked 2026-09-26).,confirmed
American International University-Bangladesh,American International University-Bangladesh,Official university page uses this full name and AIUB. Source: https://www.aiub.edu/ (checked 2026-09-26).,confirmed
BRAC University,BRAC University,Official university page uses BRAC University. Source: https://www.bracu.ac.bd/ (checked 2026-09-26).,confirmed
Bangladesh Agricultural University,Bangladesh Agricultural University,Official university page identifies Bangladesh Agricultural University and BAU. Source: https://bau.edu.bd/ (checked 2026-09-26).,confirmed
Bangladesh University of Engineering and Technology,Bangladesh University of Engineering and Technology,Official BUET department identifies its parent university by this full name. The BUET institutional history distinguishes its earlier engineering-college name from the separately founded AUST. Source: https://cse.buet.ac.bd/ (checked 2026-09-26).,confirmed
City University,City University,Official Bangladesh university page uses City University and describes its establishment in 2002. It is not Daffodil International University. Source: https://www.cityuniversity.ac.bd/ (checked 2026-09-26).,confirmed
Daffodil International University,Daffodil International University,Official university page uses Daffodil International University. Source: https://daffodilvarsity.edu.bd/ (checked 2026-09-26).,confirmed
East West University,East West University,Official vision and mission page identifies East West University as the institution. Source: https://ewubd.edu/vision-mission-ewu (checked 2026-09-26).,confirmed
Gono Bishwabidyalay,Gono Bishwabidyalay,"Official site uses Gono Bishwabidyalay and Gono University. Only the first label occurs in the raw file, so this alternative name does not reduce the observed count. Source: https://gonouniversity.edu.bd/ (checked 2026-09-26).",confirmed
Govt College of Applied Human Science,"Government College of Applied Human Science, Azimpur, Dhaka","Dhaka University official constituent-college directory lists Government College of Applied Human Science, Azimpur, Dhaka. This confirms the college name and relationship, not identity with the university. The indexed official directory was available; direct retrieval timed out. Source: https://web5.du.ac.bd/constituentColleges (checked 2026-09-26).",confirmed
Green University of Bangladesh,Green University of Bangladesh,Official university page uses Green University of Bangladesh and GUB. Source: https://green.edu.bd/ (checked 2026-09-26).,confirmed
"Independent University, Bangladesh","Independent University, Bangladesh","Official university page uses Independent University, Bangladesh. It is distinct from Islamic University in Kushtia. Source: https://iub.ac.bd/ (checked 2026-09-26).",confirmed
"Islamic University, Bangladesh","Islamic University, Bangladesh","Official university page identifies Islamic University in Kushtia, Bangladesh. It is distinct from Independent University, Bangladesh. Source: https://iu.ac.bd/ (checked 2026-09-26).",confirmed
Jagannath University,Jagannath University,Official university page identifies Jagannath University. The separate Jahangirnagar University site identifies a different institution. Source: https://jnu.ac.bd/ (checked 2026-09-26).,confirmed
Jahangirnagar University,Jahangirnagar University,Official university page identifies Jahangirnagar University in Savar. Similar spelling does not make it Jagannath University. Source: https://juniv.edu/ (checked 2026-09-26).,confirmed
Jashore University of Science and Technology,Jashore University of Science and Technology,Official university page uses Jashore University of Science and Technology. There is no separate Jessore-labelled record category to consolidate. Source: https://just.edu.bd/ (checked 2026-09-26).,confirmed
Khulna University,Khulna University,Official university page uses Khulna University. Source: https://ku.ac.bd/ (checked 2026-09-26).,confirmed
Manarat International University,Manarat International University,Official Manarat domain about page identifies Manarat International University and MIU in Bangladesh; evidence is available in the indexed page. Source: https://mius.manarat.ac.bd/about/ (checked 2026-09-26).,confirmed
National University,National University,Official university page identifies National University in Bangladesh. The raw label does not identify a particular affiliated college; none is inferred. Source: https://www.nu.ac.bd/ (checked 2026-09-26).,confirmed
North South University,North South University,Official university page uses North South University and NSU. Source: https://www.northsouth.edu/ (checked 2026-09-26).,confirmed
Premier University,Premier University,"Official institutional history identifies Premier University, Chattogram, as a separately established university. Source: https://puc.ac.bd/Home/Content/?Alias=genesis (checked 2026-09-26).",confirmed
Primeasia University,Primeasia University,Official university page uses Primeasia University. It is distinct from University of Asia Pacific. Source: https://primeasia.edu.bd/ (checked 2026-09-26).,confirmed
Southeast University,Southeast University,Official registrar page identifies Southeast University in Bangladesh. The indexed official page was available; direct retrieval failed. Source: https://seu.edu.bd/registrar (checked 2026-09-26).,confirmed
Stamford University,Stamford University Bangladesh,Official Bangladesh university page uses Stamford University Bangladesh. The raw label is a shortened name within the Bangladesh survey context; no second Stamford label occurs. Source: https://www.stamforduniversity.edu.bd/ (checked 2026-09-26).,confirmed
University of Asia Pacific,University of Asia Pacific,Official university department identifies University of Asia Pacific as its parent. It is distinct from Primeasia University. Source: https://cse.uap-bd.edu/ (checked 2026-09-26).,confirmed
University of Barishal,University of Barishal,Official university page uses University of Barishal. There is no separate Barisal-labelled category to consolidate. Source: https://bu.ac.bd/ (checked 2026-09-26).,confirmed
University of Chittagong,University of Chittagong,Official university page uses University of Chittagong. There is no separate Chattogram-labelled category to consolidate. Source: https://cu.ac.bd/ (checked 2026-09-26).,confirmed
University of Dhaka,University of Dhaka,Official university page identifies University of Dhaka and separately describes affiliated and constituent colleges. Source: https://www.du.ac.bd/ (checked 2026-09-26).,confirmed
University of Rajshahi,University of Rajshahi,Official university page uses University of Rajshahi and describes its establishment in 1953. Source: https://www.ru.ac.bd/ (checked 2026-09-26).,confirmed
Uttara University,Uttara University,Official university page uses Uttara University. The older supplied domain redirects to this official domain; this is not a second institution label. Source: https://www.uttara.ac.bd/ (checked 2026-09-26).,confirmed
