section,section_name,pdf_page,variable_position_in_section,pdf_variable_description,raw_column,correspondence_basis,explicit_item_id_in_pdf,explicit_reverse_key_in_pdf
B,AI Usage,1,1,Regular use of generative AI tools for academic purposes,AI Usage [I use generative AI tools regularly for academic purposes.],Section and listed order; description is not a verbatim item statement.,,not_documented
B,AI Usage,1,2,Use of AI tools for assignment writing,AI Usage [I use AI tools for assignment writing.],Section and listed order; description is not a verbatim item statement.,,not_documented
B,AI Usage,1,3,Use of AI tools for study planning,AI Usage [I use AI tools for study planning.],Section and listed order; description is not a verbatim item statement.,,not_documented
B,AI Usage,1,4,Use of AI tools for research-related tasks,AI Usage [I use AI tools for research-related tasks.],Section and listed order; description is not a verbatim item statement.,,not_documented
B,AI Usage,1,5,Dependence on AI tools to complete academic work faster,AI Usage [I depend on AI tools to complete academic work faster.],Section and listed order; description is not a verbatim item statement.,,not_documented
C,Cognitive Dependence,1,1,Comfort level completing academic tasks without AI tools,Cognitive Dependence [I feel uncomfortable completing academic tasks without AI tools.],Section and listed order; description is not a verbatim item statement.,,not_documented
C,Cognitive Dependence,1,2,Reliance on AI before independent thinking,Cognitive Dependence [I rely on AI before thinking independently.],Section and listed order; description is not a verbatim item statement.,,not_documented
C,Cognitive Dependence,1,3,Perception of AI as essential to academic workflow,Cognitive Dependence [AI tools have become essential to my academic workflow.],Section and listed order; description is not a verbatim item statement.,,not_documented
C,Cognitive Dependence,1,4,Use of AI for simple academic decisions,Cognitive Dependence [I use AI tools even for simple academic decisions.],Section and listed order; description is not a verbatim item statement.,,not_documented
C,Cognitive Dependence,1,5,Confidence level working without AI assistance,Cognitive Dependence [I feel less confident working without AI assistance.],Section and listed order; description is not a verbatim item statement.,,not_documented
D,Trust in AI,2,1,Trust in AI-generated academic responses,Trust in AI [I trust AI-generated academic responses.],Section and listed order; description is not a verbatim item statement.,,not_documented
D,Trust in AI,2,2,Perceived reliability of AI tools,Trust in AI [AI tools usually provide reliable information.],Section and listed order; description is not a verbatim item statement.,,not_documented
D,Trust in AI,2,3,Verification behavior before using AI-generated responses,Trust in AI [I rarely verify AI-generated answers before using them.],Section and listed order; description is not a verbatim item statement.,,not_documented
D,Trust in AI,2,4,Preference for AI suggestions over self-generated ideas,Trust in AI [I believe AI tools make better academic suggestions than I can myself.],Section and listed order; description is not a verbatim item statement.,,not_documented
D,Trust in AI,2,5,Trust in AI recommendations for academic decision-making,Trust in AI [I trust AI recommendations for academic decision-making.],Section and listed order; description is not a verbatim item statement.,,not_documented
E,Critical Thinking,2,1,Reduction in deep thinking due to AI usage,Critical Thinking [Using AI tools reduces my need to think deeply.],Section and listed order; description is not a verbatim item statement.,,not_documented
E,Critical Thinking,2,2,Reduced analytical effort when using AI-generated responses,Critical Thinking [I analyze less when using AI-generated responses.],Section and listed order; description is not a verbatim item statement.,,not_documented
E,Critical Thinking,2,3,Preference for AI explanations over independent research,Critical Thinking [I prefer AI explanations over conducting my own research.],Section and listed order; description is not a verbatim item statement.,,not_documented
E,Critical Thinking,2,4,Reduction in independent problem-solving efforts,Critical Thinking [AI tools reduce my independent problem-solving efforts.],Section and listed order; description is not a verbatim item statement.,,not_documented
E,Critical Thinking,2,5,Dependence on AI-generated ideas over personal thinking,Critical Thinking [I rely more on AI-generated ideas than my own thinking.],Section and listed order; description is not a verbatim item statement.,,not_documented
F,Academic Decision-Making,2,1,Influence of AI tools on academic decisions,Academic Decision-Making [AI tools influence my academic decisions.],Section and listed order; description is not a verbatim item statement.,,not_documented
F,Academic Decision-Making,2,2,Use of AI suggestions for study-related decisions,Academic Decision-Making [I use AI suggestions for study-related decisions.],Section and listed order; description is not a verbatim item statement.,,not_documented
F,Academic Decision-Making,2,3,AI assistance in selecting research topics or project ideas,Academic Decision-Making [AI tools help me choose research topics or project ideas.],Section and listed order; description is not a verbatim item statement.,,not_documented
F,Academic Decision-Making,2,4,AI recommendations for improving academic performance,Academic Decision-Making [I use AI recommendations to improve academic performance.],Section and listed order; description is not a verbatim item statement.,,not_documented
F,Academic Decision-Making,2,5,Positive influence of AI on academic decision-making processes,Academic Decision-Making [AI tools positively affect my academic decision-making process.],Section and listed order; description is not a verbatim item statement.,,not_documented
