dataset,sample,n,model,item,factor,loading,clear_marker
D5,full,2613,exploratory_minres_oblimin,U1,F1,-0.16243290169810592,False
D5,full,2613,exploratory_minres_oblimin,U1,F2,0.10945156521280519,False
D5,full,2613,exploratory_minres_oblimin,U1,F3,0.36891006594299985,False
D5,full,2613,exploratory_minres_oblimin,U1,F4,0.24805728334245158,False
D5,full,2613,exploratory_minres_oblimin,U1,F5,0.08660584486066014,False
D5,full,2613,exploratory_minres_oblimin,U2,F1,0.06679747003584219,True
D5,full,2613,exploratory_minres_oblimin,U2,F2,0.0852618817451257,True
D5,full,2613,exploratory_minres_oblimin,U2,F3,0.07397772873573408,True
D5,full,2613,exploratory_minres_oblimin,U2,F4,0.44783957619721443,True
D5,full,2613,exploratory_minres_oblimin,U2,F5,-0.01803928663851286,True
D5,full,2613,exploratory_minres_oblimin,U3,F1,-0.018827009405504688,False
D5,full,2613,exploratory_minres_oblimin,U3,F2,0.31405744143625425,False
D5,full,2613,exploratory_minres_oblimin,U3,F3,0.28294596370188124,False
D5,full,2613,exploratory_minres_oblimin,U3,F4,0.165173893528828,False
D5,full,2613,exploratory_minres_oblimin,U3,F5,-0.14357776853166088,False
D5,full,2613,exploratory_minres_oblimin,U4,F1,0.20763376133302042,False
D5,full,2613,exploratory_minres_oblimin,U4,F2,0.0038318099974232827,False
D5,full,2613,exploratory_minres_oblimin,U4,F3,0.10353210053165725,False
D5,full,2613,exploratory_minres_oblimin,U4,F4,0.19554640957028444,False
D5,full,2613,exploratory_minres_oblimin,U4,F5,0.14610828806755607,False
D5,full,2613,exploratory_minres_oblimin,U5,F1,0.19315473409896464,False
D5,full,2613,exploratory_minres_oblimin,U5,F2,0.25066935230849446,False
D5,full,2613,exploratory_minres_oblimin,U5,F3,0.02809990437558521,False
D5,full,2613,exploratory_minres_oblimin,U5,F4,0.2840759526162543,False
D5,full,2613,exploratory_minres_oblimin,U5,F5,-0.15483601419338838,False
D5,full,2613,exploratory_minres_oblimin,CD1,F1,0.6571726753786991,True
D5,full,2613,exploratory_minres_oblimin,CD1,F2,0.07791401912922187,True
D5,full,2613,exploratory_minres_oblimin,CD1,F3,0.019342303897055955,True
D5,full,2613,exploratory_minres_oblimin,CD1,F4,-0.0357552227504448,True
D5,full,2613,exploratory_minres_oblimin,CD1,F5,-0.05468554423172552,True
D5,full,2613,exploratory_minres_oblimin,CD2,F1,0.3180013713262823,False
D5,full,2613,exploratory_minres_oblimin,CD2,F2,0.09769599815275704,False
D5,full,2613,exploratory_minres_oblimin,CD2,F3,0.2056230260281106,False
D5,full,2613,exploratory_minres_oblimin,CD2,F4,0.16245177390167115,False
D5,full,2613,exploratory_minres_oblimin,CD2,F5,0.041510991501995366,False
D5,full,2613,exploratory_minres_oblimin,CD3,F1,0.07179511311896863,True
D5,full,2613,exploratory_minres_oblimin,CD3,F2,0.5308566648237465,True
D5,full,2613,exploratory_minres_oblimin,CD3,F3,-0.14767138985907546,True
D5,full,2613,exploratory_minres_oblimin,CD3,F4,0.08662031501953597,True
D5,full,2613,exploratory_minres_oblimin,CD3,F5,0.16284882593318137,True
D5,full,2613,exploratory_minres_oblimin,CD4,F1,0.5022189024882356,True
D5,full,2613,exploratory_minres_oblimin,CD4,F2,0.28419089667115743,True
D5,full,2613,exploratory_minres_oblimin,CD4,F3,-0.02095567911114885,True
D5,full,2613,exploratory_minres_oblimin,CD4,F4,-0.17447703203488085,True
D5,full,2613,exploratory_minres_oblimin,CD4,F5,0.020017019169878615,True
D5,full,2613,exploratory_minres_oblimin,CD5,F1,0.567823469855854,True
D5,full,2613,exploratory_minres_oblimin,CD5,F2,0.06948474121149428,True
D5,full,2613,exploratory_minres_oblimin,CD5,F3,0.1281435400298355,True
D5,full,2613,exploratory_minres_oblimin,CD5,F4,0.11877434145334491,True
D5,full,2613,exploratory_minres_oblimin,CD5,F5,0.03203585926068882,True
D5,full,2613,exploratory_minres_oblimin,T1,F1,0.2541339414131011,False
D5,full,2613,exploratory_minres_oblimin,T1,F2,0.2645445035527734,False
D5,full,2613,exploratory_minres_oblimin,T1,F3,0.16710418090471127,False
D5,full,2613,exploratory_minres_oblimin,T1,F4,0.05345591356803141,False
D5,full,2613,exploratory_minres_oblimin,T1,F5,-0.02958276226456899,False
D5,full,2613,exploratory_minres_oblimin,T2,F1,-0.006369475642081925,False
D5,full,2613,exploratory_minres_oblimin,T2,F2,0.31694351623418426,False
D5,full,2613,exploratory_minres_oblimin,T2,F3,-0.05105339426719118,False
D5,full,2613,exploratory_minres_oblimin,T2,F4,0.22224982767750345,False
D5,full,2613,exploratory_minres_oblimin,T2,F5,0.21951595087033748,False
D5,full,2613,exploratory_minres_oblimin,T3,F1,0.7355052917259762,True
D5,full,2613,exploratory_minres_oblimin,T3,F2,-0.09010911554040485,True
D5,full,2613,exploratory_minres_oblimin,T3,F3,0.038189298488661795,True
D5,full,2613,exploratory_minres_oblimin,T3,F4,0.05076536339511112,True
D5,full,2613,exploratory_minres_oblimin,T3,F5,0.013231840408801503,True
D5,full,2613,exploratory_minres_oblimin,T4,F1,0.3661402614938657,False
D5,full,2613,exploratory_minres_oblimin,T4,F2,0.2670207357716008,False
D5,full,2613,exploratory_minres_oblimin,T4,F3,0.027589391431640454,False
D5,full,2613,exploratory_minres_oblimin,T4,F4,-0.1436254859242969,False
D5,full,2613,exploratory_minres_oblimin,T4,F5,0.017346956803046695,False
D5,full,2613,exploratory_minres_oblimin,T5,F1,0.3755755122810332,False
D5,full,2613,exploratory_minres_oblimin,T5,F2,0.07036707319410923,False
D5,full,2613,exploratory_minres_oblimin,T5,F3,0.18681804447054404,False
D5,full,2613,exploratory_minres_oblimin,T5,F4,0.16601051476593973,False
D5,full,2613,exploratory_minres_oblimin,T5,F5,0.035586931534196536,False
D5,full,2613,exploratory_minres_oblimin,CT1,F1,0.09891095069036149,True
D5,full,2613,exploratory_minres_oblimin,CT1,F2,-0.1279177564375708,True
D5,full,2613,exploratory_minres_oblimin,CT1,F3,0.40907315957834056,True
D5,full,2613,exploratory_minres_oblimin,CT1,F4,-0.03214428521725896,True
D5,full,2613,exploratory_minres_oblimin,CT1,F5,0.19701422392523796,True
D5,full,2613,exploratory_minres_oblimin,CT2,F1,-0.028627157434180917,True
D5,full,2613,exploratory_minres_oblimin,CT2,F2,0.0498351030048576,True
D5,full,2613,exploratory_minres_oblimin,CT2,F3,0.07408162384164443,True
D5,full,2613,exploratory_minres_oblimin,CT2,F4,0.0063337385288121575,True
D5,full,2613,exploratory_minres_oblimin,CT2,F5,0.5832879798431061,True
D5,full,2613,exploratory_minres_oblimin,CT3,F1,0.13799151674934151,True
D5,full,2613,exploratory_minres_oblimin,CT3,F2,0.10297891459202571,True
D5,full,2613,exploratory_minres_oblimin,CT3,F3,0.5051246851214619,True
D5,full,2613,exploratory_minres_oblimin,CT3,F4,-0.019036138783069985,True
D5,full,2613,exploratory_minres_oblimin,CT3,F5,0.00042629747670045934,True
D5,full,2613,exploratory_minres_oblimin,CT4,F1,0.11303939264950566,False
D5,full,2613,exploratory_minres_oblimin,CT4,F2,-0.09239500191564745,False
D5,full,2613,exploratory_minres_oblimin,CT4,F3,0.3830773347632482,False
D5,full,2613,exploratory_minres_oblimin,CT4,F4,-0.06331549827270619,False
D5,full,2613,exploratory_minres_oblimin,CT4,F5,0.16280300079685264,False
D5,full,2613,exploratory_minres_oblimin,CT5,F1,0.13161108760397544,True
D5,full,2613,exploratory_minres_oblimin,CT5,F2,-0.1282704926590026,True
D5,full,2613,exploratory_minres_oblimin,CT5,F3,0.47544558847296253,True
D5,full,2613,exploratory_minres_oblimin,CT5,F4,-0.06077305687886991,True
D5,full,2613,exploratory_minres_oblimin,CT5,F5,0.05827723470275936,True
D5,full,2613,exploratory_minres_oblimin,AD1,F1,0.05465299612019177,True
D5,full,2613,exploratory_minres_oblimin,AD1,F2,0.5305254634191467,True
D5,full,2613,exploratory_minres_oblimin,AD1,F3,0.02940794653814182,True
D5,full,2613,exploratory_minres_oblimin,AD1,F4,0.04777487663256037,True
D5,full,2613,exploratory_minres_oblimin,AD1,F5,-0.01185276419192304,True
D5,full,2613,exploratory_minres_oblimin,AD2,F1,-0.035277185784092446,True
D5,full,2613,exploratory_minres_oblimin,AD2,F2,0.44692401319244474,True
D5,full,2613,exploratory_minres_oblimin,AD2,F3,0.0883665059227789,True
D5,full,2613,exploratory_minres_oblimin,AD2,F4,0.01715770843710861,True
D5,full,2613,exploratory_minres_oblimin,AD2,F5,0.007912267506177304,True
D5,full,2613,exploratory_minres_oblimin,AD3,F1,0.06025052982913645,True
D5,full,2613,exploratory_minres_oblimin,AD3,F2,0.04766941146983774,True
D5,full,2613,exploratory_minres_oblimin,AD3,F3,-0.07845945864433305,True
D5,full,2613,exploratory_minres_oblimin,AD3,F4,0.5522753611045077,True
D5,full,2613,exploratory_minres_oblimin,AD3,F5,0.06721563320998505,True
D5,full,2613,exploratory_minres_oblimin,AD4,F1,0.4066570649347655,False
D5,full,2613,exploratory_minres_oblimin,AD4,F2,-0.046274812432498286,False
D5,full,2613,exploratory_minres_oblimin,AD4,F3,-0.04004534099051325,False
D5,full,2613,exploratory_minres_oblimin,AD4,F4,0.23033060382045062,False
D5,full,2613,exploratory_minres_oblimin,AD4,F5,0.08748228851708448,False
D5,full,2613,exploratory_minres_oblimin,AD5,F1,0.12013721279949416,True
D5,full,2613,exploratory_minres_oblimin,AD5,F2,0.4794718172536611,True
D5,full,2613,exploratory_minres_oblimin,AD5,F3,0.020530238327540484,True
D5,full,2613,exploratory_minres_oblimin,AD5,F4,0.06894677923522873,True
D5,full,2613,exploratory_minres_oblimin,AD5,F5,-0.05268785177259356,True
D5,full,2613,hypothesized_five_sections_uls,U1,U,0.3427553467034641,
D5,full,2613,hypothesized_five_sections_uls,U2,U,0.44293428644623883,
D5,full,2613,hypothesized_five_sections_uls,U3,U,0.4745937172148081,
D5,full,2613,hypothesized_five_sections_uls,U4,U,0.4305498448819443,
D5,full,2613,hypothesized_five_sections_uls,U5,U,0.5276605079335795,
D5,full,2613,hypothesized_five_sections_uls,CD1,CD,0.6215485648421007,
D5,full,2613,hypothesized_five_sections_uls,CD2,CD,0.5906167666356953,
D5,full,2613,hypothesized_five_sections_uls,CD3,CD,0.44288682758717646,
D5,full,2613,hypothesized_five_sections_uls,CD4,CD,0.553474437438214,
D5,full,2613,hypothesized_five_sections_uls,CD5,CD,0.7201612142711408,
D5,full,2613,hypothesized_five_sections_uls,T1,T,0.5351128577732581,
D5,full,2613,hypothesized_five_sections_uls,T2,T,0.35968010966335257,
D5,full,2613,hypothesized_five_sections_uls,T3,T,0.6234042943265099,
D5,full,2613,hypothesized_five_sections_uls,T4,T,0.4535027529685732,
D5,full,2613,hypothesized_five_sections_uls,T5,T,0.5912750665846914,
D5,full,2613,hypothesized_five_sections_uls,CT1,CT,0.4385121470463657,
D5,full,2613,hypothesized_five_sections_uls,CT2,CT,0.29948116253483126,
D5,full,2613,hypothesized_five_sections_uls,CT3,CT,0.7362873046221583,
D5,full,2613,hypothesized_five_sections_uls,CT4,CT,0.4286425346506975,
D5,full,2613,hypothesized_five_sections_uls,CT5,CT,0.45705760930916095,
D5,full,2613,hypothesized_five_sections_uls,AD1,AD,0.5149629332833208,
D5,full,2613,hypothesized_five_sections_uls,AD2,AD,0.390097083185181,
D5,full,2613,hypothesized_five_sections_uls,AD3,AD,0.38430284497942035,
D5,full,2613,hypothesized_five_sections_uls,AD4,AD,0.48175532736153226,
D5,full,2613,hypothesized_five_sections_uls,AD5,AD,0.5341591422645644,
D5,full,2613,one_factor_uls,U1,G,0.315059376794523,
D5,full,2613,one_factor_uls,U2,G,0.40036380943195365,
D5,full,2613,one_factor_uls,U3,G,0.43371220008294004,
D5,full,2613,one_factor_uls,U4,G,0.39908273327225,
D5,full,2613,one_factor_uls,U5,G,0.48013161137366756,
D5,full,2613,one_factor_uls,CD1,G,0.6116972922223499,
D5,full,2613,one_factor_uls,CD2,G,0.5847772188190783,
D5,full,2613,one_factor_uls,CD3,G,0.4387245146390961,
D5,full,2613,one_factor_uls,CD4,G,0.5433595356328648,
D5,full,2613,one_factor_uls,CD5,G,0.7109315993535565,
D5,full,2613,one_factor_uls,T1,G,0.5461725588500419,
D5,full,2613,one_factor_uls,T2,G,0.36929881588625546,
D5,full,2613,one_factor_uls,T3,G,0.6343718469638919,
D5,full,2613,one_factor_uls,T4,G,0.46160231239858607,
D5,full,2613,one_factor_uls,T5,G,0.6047125963313208,
D5,full,2613,one_factor_uls,CT1,G,0.2742473268480677,
D5,full,2613,one_factor_uls,CT2,G,0.20968124133485883,
D5,full,2613,one_factor_uls,CT3,G,0.48914026456316656,
D5,full,2613,one_factor_uls,CT4,G,0.2722956552215626,
D5,full,2613,one_factor_uls,CT5,G,0.2889485238718569,
D5,full,2613,one_factor_uls,AD1,G,0.46852097286278893,
D5,full,2613,one_factor_uls,AD2,G,0.35727605905343485,
D5,full,2613,one_factor_uls,AD3,G,0.3482896571132885,
D5,full,2613,one_factor_uls,AD4,G,0.45433503948546744,
D5,full,2613,one_factor_uls,AD5,G,0.4861399262192621,
D5,sensitivity,2512,exploratory_minres_oblimin,U1,F1,-0.17621582068435393,False
D5,sensitivity,2512,exploratory_minres_oblimin,U1,F2,0.05798609101644806,False
D5,sensitivity,2512,exploratory_minres_oblimin,U1,F3,0.3496346929523921,False
D5,sensitivity,2512,exploratory_minres_oblimin,U1,F4,0.225236519253348,False
D5,sensitivity,2512,exploratory_minres_oblimin,U1,F5,0.07544796254776635,False
D5,sensitivity,2512,exploratory_minres_oblimin,U2,F1,0.05388852729136338,True
D5,sensitivity,2512,exploratory_minres_oblimin,U2,F2,0.04936558500008237,True
D5,sensitivity,2512,exploratory_minres_oblimin,U2,F3,0.060123217786502585,True
D5,sensitivity,2512,exploratory_minres_oblimin,U2,F4,0.4444337610591466,True
D5,sensitivity,2512,exploratory_minres_oblimin,U2,F5,-0.04425080270020798,True
D5,sensitivity,2512,exploratory_minres_oblimin,U3,F1,-0.028210829113332832,False
D5,sensitivity,2512,exploratory_minres_oblimin,U3,F2,0.22648622384341924,False
D5,sensitivity,2512,exploratory_minres_oblimin,U3,F3,0.28566821250288077,False
D5,sensitivity,2512,exploratory_minres_oblimin,U3,F4,0.1512671066114805,False
D5,sensitivity,2512,exploratory_minres_oblimin,U3,F5,-0.1749161646655528,False
D5,sensitivity,2512,exploratory_minres_oblimin,U4,F1,0.19704178993384303,False
D5,sensitivity,2512,exploratory_minres_oblimin,U4,F2,-0.01936750076693115,False
D5,sensitivity,2512,exploratory_minres_oblimin,U4,F3,0.06283465973544447,False
D5,sensitivity,2512,exploratory_minres_oblimin,U4,F4,0.19211925562053714,False
D5,sensitivity,2512,exploratory_minres_oblimin,U4,F5,0.12476834703605688,False
D5,sensitivity,2512,exploratory_minres_oblimin,U5,F1,0.17196332979280415,False
D5,sensitivity,2512,exploratory_minres_oblimin,U5,F2,0.19759750870982243,False
D5,sensitivity,2512,exploratory_minres_oblimin,U5,F3,0.041051052906447505,False
D5,sensitivity,2512,exploratory_minres_oblimin,U5,F4,0.27868149602696657,False
D5,sensitivity,2512,exploratory_minres_oblimin,U5,F5,-0.1912099371297772,False
D5,sensitivity,2512,exploratory_minres_oblimin,CD1,F1,0.6429210065482933,True
D5,sensitivity,2512,exploratory_minres_oblimin,CD1,F2,0.03865493126953928,True
D5,sensitivity,2512,exploratory_minres_oblimin,CD1,F3,0.0017589910941389843,True
D5,sensitivity,2512,exploratory_minres_oblimin,CD1,F4,-0.029598693305295694,True
D5,sensitivity,2512,exploratory_minres_oblimin,CD1,F5,-0.07868744924136997,True
D5,sensitivity,2512,exploratory_minres_oblimin,CD2,F1,0.2776297710621901,False
D5,sensitivity,2512,exploratory_minres_oblimin,CD2,F2,0.10884314624564291,False
D5,sensitivity,2512,exploratory_minres_oblimin,CD2,F3,0.2438842548493816,False
D5,sensitivity,2512,exploratory_minres_oblimin,CD2,F4,0.1418204927555445,False
D5,sensitivity,2512,exploratory_minres_oblimin,CD2,F5,0.05736671162498018,False
D5,sensitivity,2512,exploratory_minres_oblimin,CD3,F1,0.05954947921848656,True
D5,sensitivity,2512,exploratory_minres_oblimin,CD3,F2,0.5433631971630462,True
D5,sensitivity,2512,exploratory_minres_oblimin,CD3,F3,-0.09563796332117029,True
D5,sensitivity,2512,exploratory_minres_oblimin,CD3,F4,0.07000310756125255,True
D5,sensitivity,2512,exploratory_minres_oblimin,CD3,F5,0.12900446445918692,True
D5,sensitivity,2512,exploratory_minres_oblimin,CD4,F1,0.48660385742185686,True
D5,sensitivity,2512,exploratory_minres_oblimin,CD4,F2,0.25710154588808787,True
D5,sensitivity,2512,exploratory_minres_oblimin,CD4,F3,-0.019465180140988712,True
D5,sensitivity,2512,exploratory_minres_oblimin,CD4,F4,-0.1797993732635743,True
D5,sensitivity,2512,exploratory_minres_oblimin,CD4,F5,-0.010357398570506311,True
D5,sensitivity,2512,exploratory_minres_oblimin,CD5,F1,0.5317274396299294,True
D5,sensitivity,2512,exploratory_minres_oblimin,CD5,F2,0.09243305228715051,True
D5,sensitivity,2512,exploratory_minres_oblimin,CD5,F3,0.17170749112296377,True
D5,sensitivity,2512,exploratory_minres_oblimin,CD5,F4,0.11048232399719325,True
D5,sensitivity,2512,exploratory_minres_oblimin,CD5,F5,0.05454678719823787,True
D5,sensitivity,2512,exploratory_minres_oblimin,T1,F1,0.2262116529315185,False
D5,sensitivity,2512,exploratory_minres_oblimin,T1,F2,0.2390310492628834,False
D5,sensitivity,2512,exploratory_minres_oblimin,T1,F3,0.1988996918121408,False
D5,sensitivity,2512,exploratory_minres_oblimin,T1,F4,0.03356850058818251,False
D5,sensitivity,2512,exploratory_minres_oblimin,T1,F5,-0.03744698971208773,False
D5,sensitivity,2512,exploratory_minres_oblimin,T2,F1,-0.02118535358229735,False
D5,sensitivity,2512,exploratory_minres_oblimin,T2,F2,0.3268784640656401,False
D5,sensitivity,2512,exploratory_minres_oblimin,T2,F3,-0.03078017946712765,False
D5,sensitivity,2512,exploratory_minres_oblimin,T2,F4,0.20363219295488383,False
D5,sensitivity,2512,exploratory_minres_oblimin,T2,F5,0.19365023840343154,False
D5,sensitivity,2512,exploratory_minres_oblimin,T3,F1,0.6952823573935776,True
D5,sensitivity,2512,exploratory_minres_oblimin,T3,F2,-0.08013037848536181,True
D5,sensitivity,2512,exploratory_minres_oblimin,T3,F3,0.036949725763320895,True
D5,sensitivity,2512,exploratory_minres_oblimin,T3,F4,0.05213886732374984,True
D5,sensitivity,2512,exploratory_minres_oblimin,T3,F5,0.017037990465855333,True
D5,sensitivity,2512,exploratory_minres_oblimin,T4,F1,0.37298476340056635,False
D5,sensitivity,2512,exploratory_minres_oblimin,T4,F2,0.20548873300371018,False
D5,sensitivity,2512,exploratory_minres_oblimin,T4,F3,-0.007021278759247827,False
D5,sensitivity,2512,exploratory_minres_oblimin,T4,F4,-0.14544447181921297,False
D5,sensitivity,2512,exploratory_minres_oblimin,T4,F5,-0.02838225396531745,False
D5,sensitivity,2512,exploratory_minres_oblimin,T5,F1,0.3546428335927015,False
D5,sensitivity,2512,exploratory_minres_oblimin,T5,F2,0.06486520015916901,False
D5,sensitivity,2512,exploratory_minres_oblimin,T5,F3,0.20249704964270132,False
D5,sensitivity,2512,exploratory_minres_oblimin,T5,F4,0.15780346351892238,False
D5,sensitivity,2512,exploratory_minres_oblimin,T5,F5,0.047289119413722484,False
D5,sensitivity,2512,exploratory_minres_oblimin,CT1,F1,0.0949331044309402,False
D5,sensitivity,2512,exploratory_minres_oblimin,CT1,F2,-0.18776781809689178,False
D5,sensitivity,2512,exploratory_minres_oblimin,CT1,F3,0.33369503643261733,False
D5,sensitivity,2512,exploratory_minres_oblimin,CT1,F4,-0.04873511989614782,False
D5,sensitivity,2512,exploratory_minres_oblimin,CT1,F5,0.1884225681200897,False
D5,sensitivity,2512,exploratory_minres_oblimin,CT2,F1,-0.02539095258292733,True
D5,sensitivity,2512,exploratory_minres_oblimin,CT2,F2,0.07470768172364613,True
D5,sensitivity,2512,exploratory_minres_oblimin,CT2,F3,0.038518410908608774,True
D5,sensitivity,2512,exploratory_minres_oblimin,CT2,F4,-0.003934083439422808,True
D5,sensitivity,2512,exploratory_minres_oblimin,CT2,F5,0.5382373936752817,True
D5,sensitivity,2512,exploratory_minres_oblimin,CT3,F1,0.12130963803371324,True
D5,sensitivity,2512,exploratory_minres_oblimin,CT3,F2,0.05142235538545217,True
D5,sensitivity,2512,exploratory_minres_oblimin,CT3,F3,0.5124625897995113,True
D5,sensitivity,2512,exploratory_minres_oblimin,CT3,F4,-0.04277549067268538,True
D5,sensitivity,2512,exploratory_minres_oblimin,CT3,F5,0.012227331336585393,True
D5,sensitivity,2512,exploratory_minres_oblimin,CT4,F1,0.1154222075912051,False
D5,sensitivity,2512,exploratory_minres_oblimin,CT4,F2,-0.16169482780917951,False
D5,sensitivity,2512,exploratory_minres_oblimin,CT4,F3,0.304194038836142,False
D5,sensitivity,2512,exploratory_minres_oblimin,CT4,F4,-0.07697129895136069,False
D5,sensitivity,2512,exploratory_minres_oblimin,CT4,F5,0.1480253266354457,False
D5,sensitivity,2512,exploratory_minres_oblimin,CT5,F1,0.14470312559967052,False
D5,sensitivity,2512,exploratory_minres_oblimin,CT5,F2,-0.2349543207000377,False
D5,sensitivity,2512,exploratory_minres_oblimin,CT5,F3,0.37927055362498,False
D5,sensitivity,2512,exploratory_minres_oblimin,CT5,F4,-0.06363627696963646,False
D5,sensitivity,2512,exploratory_minres_oblimin,CT5,F5,0.03464282782043812,False
D5,sensitivity,2512,exploratory_minres_oblimin,AD1,F1,0.05380692212041878,True
D5,sensitivity,2512,exploratory_minres_oblimin,AD1,F2,0.48044507972362716,True
D5,sensitivity,2512,exploratory_minres_oblimin,AD1,F3,0.0537813197340635,True
D5,sensitivity,2512,exploratory_minres_oblimin,AD1,F4,0.03771583695165879,True
D5,sensitivity,2512,exploratory_minres_oblimin,AD1,F5,-0.057276759329150315,True
D5,sensitivity,2512,exploratory_minres_oblimin,AD2,F1,-0.023790536923291868,False
D5,sensitivity,2512,exploratory_minres_oblimin,AD2,F2,0.37092593172424493,False
D5,sensitivity,2512,exploratory_minres_oblimin,AD2,F3,0.07400769620753513,False
D5,sensitivity,2512,exploratory_minres_oblimin,AD2,F4,0.007579498027112095,False
D5,sensitivity,2512,exploratory_minres_oblimin,AD2,F5,-0.04735775225716088,False
D5,sensitivity,2512,exploratory_minres_oblimin,AD3,F1,0.029486331586418852,True
D5,sensitivity,2512,exploratory_minres_oblimin,AD3,F2,0.0601698815329551,True
D5,sensitivity,2512,exploratory_minres_oblimin,AD3,F3,-0.07011910627328975,True
D5,sensitivity,2512,exploratory_minres_oblimin,AD3,F4,0.5312766539656192,True
D5,sensitivity,2512,exploratory_minres_oblimin,AD3,F5,0.041706768946537125,True
D5,sensitivity,2512,exploratory_minres_oblimin,AD4,F1,0.39429136396251635,False
D5,sensitivity,2512,exploratory_minres_oblimin,AD4,F2,-0.06376487209266603,False
D5,sensitivity,2512,exploratory_minres_oblimin,AD4,F3,-0.08559877055259181,False
D5,sensitivity,2512,exploratory_minres_oblimin,AD4,F4,0.23770875223829377,False
D5,sensitivity,2512,exploratory_minres_oblimin,AD4,F5,0.06310090454165274,False
D5,sensitivity,2512,exploratory_minres_oblimin,AD5,F1,0.11104327202259606,True
D5,sensitivity,2512,exploratory_minres_oblimin,AD5,F2,0.4307850136316199,True
D5,sensitivity,2512,exploratory_minres_oblimin,AD5,F3,0.044873463353930186,True
D5,sensitivity,2512,exploratory_minres_oblimin,AD5,F4,0.058481641324549805,True
D5,sensitivity,2512,exploratory_minres_oblimin,AD5,F5,-0.09696639243110225,True
D5,sensitivity,2512,hypothesized_five_sections_uls,U1,U,0.23144096355329594,
D5,sensitivity,2512,hypothesized_five_sections_uls,U2,U,0.3819333173449445,
D5,sensitivity,2512,hypothesized_five_sections_uls,U3,U,0.40781357550901753,
D5,sensitivity,2512,hypothesized_five_sections_uls,U4,U,0.33950136671395387,
D5,sensitivity,2512,hypothesized_five_sections_uls,U5,U,0.49472671810120045,
D5,sensitivity,2512,hypothesized_five_sections_uls,CD1,CD,0.5771863882371157,
D5,sensitivity,2512,hypothesized_five_sections_uls,CD2,CD,0.5472117492427782,
D5,sensitivity,2512,hypothesized_five_sections_uls,CD3,CD,0.37037040533571164,
D5,sensitivity,2512,hypothesized_five_sections_uls,CD4,CD,0.49628164238285033,
D5,sensitivity,2512,hypothesized_five_sections_uls,CD5,CD,0.7063589733233903,
D5,sensitivity,2512,hypothesized_five_sections_uls,T1,T,0.48424080527738356,
D5,sensitivity,2512,hypothesized_five_sections_uls,T2,T,0.2684719894757402,
D5,sensitivity,2512,hypothesized_five_sections_uls,T3,T,0.5971571946849547,
D5,sensitivity,2512,hypothesized_five_sections_uls,T4,T,0.37745795217501077,
D5,sensitivity,2512,hypothesized_five_sections_uls,T5,T,0.552788874421973,
D5,sensitivity,2512,hypothesized_five_sections_uls,CT1,CT,0.342331151907948,
D5,sensitivity,2512,hypothesized_five_sections_uls,CT2,CT,0.14910676539576984,
D5,sensitivity,2512,hypothesized_five_sections_uls,CT3,CT,0.7824169881707811,
D5,sensitivity,2512,hypothesized_five_sections_uls,CT4,CT,0.3325555443709246,
D5,sensitivity,2512,hypothesized_five_sections_uls,CT5,CT,0.37363324192605296,
D5,sensitivity,2512,hypothesized_five_sections_uls,AD1,AD,0.4571909042506213,
D5,sensitivity,2512,hypothesized_five_sections_uls,AD2,AD,0.3019156574507783,
D5,sensitivity,2512,hypothesized_five_sections_uls,AD3,AD,0.32062268378411013,
D5,sensitivity,2512,hypothesized_five_sections_uls,AD4,AD,0.40690134007888284,
D5,sensitivity,2512,hypothesized_five_sections_uls,AD5,AD,0.482441801821577,
D5,sensitivity,2512,one_factor_uls,U1,G,0.20439511651393413,
D5,sensitivity,2512,one_factor_uls,U2,G,0.32423007956458433,
D5,sensitivity,2512,one_factor_uls,U3,G,0.3555745894171882,
D5,sensitivity,2512,one_factor_uls,U4,G,0.3055578239984466,
D5,sensitivity,2512,one_factor_uls,U5,G,0.42533854933219506,
D5,sensitivity,2512,one_factor_uls,CD1,G,0.5726363212779393,
D5,sensitivity,2512,one_factor_uls,CD2,G,0.5456202032365804,
D5,sensitivity,2512,one_factor_uls,CD3,G,0.37393584809153335,
D5,sensitivity,2512,one_factor_uls,CD4,G,0.4918096997238336,
D5,sensitivity,2512,one_factor_uls,CD5,G,0.7031798539399337,
D5,sensitivity,2512,one_factor_uls,T1,G,0.4972622250732643,
D5,sensitivity,2512,one_factor_uls,T2,G,0.2801315500104668,
D5,sensitivity,2512,one_factor_uls,T3,G,0.6090615530080437,
D5,sensitivity,2512,one_factor_uls,T4,G,0.38670794585129603,
D5,sensitivity,2512,one_factor_uls,T5,G,0.567947142830226,
D5,sensitivity,2512,one_factor_uls,CT1,G,0.15055712112718508,
D5,sensitivity,2512,one_factor_uls,CT2,G,0.07965928449960916,
D5,sensitivity,2512,one_factor_uls,CT3,G,0.4230062300155756,
D5,sensitivity,2512,one_factor_uls,CT4,G,0.15252926513293227,
D5,sensitivity,2512,one_factor_uls,CT5,G,0.17310785475480575,
D5,sensitivity,2512,one_factor_uls,AD1,G,0.3985022765320474,
D5,sensitivity,2512,one_factor_uls,AD2,G,0.2626810955251885,
D5,sensitivity,2512,one_factor_uls,AD3,G,0.27296963292723697,
D5,sensitivity,2512,one_factor_uls,AD4,G,0.37950300693697975,
D5,sensitivity,2512,one_factor_uls,AD5,G,0.4212849955939954,
D3,full,1104,exploratory_minres_oblimin,D3_1,F1,-0.18138688480492365,True
D3,full,1104,exploratory_minres_oblimin,D3_1,F2,0.6519243911022244,True
D3,full,1104,exploratory_minres_oblimin,D3_2,F1,0.025833208912900977,True
D3,full,1104,exploratory_minres_oblimin,D3_2,F2,0.9387025957047685,True
D3,full,1104,exploratory_minres_oblimin,D3_3,F1,0.5092637232185093,True
D3,full,1104,exploratory_minres_oblimin,D3_3,F2,-0.23258728104348253,True
D3,full,1104,exploratory_minres_oblimin,D3_4,F1,0.581358788217696,True
D3,full,1104,exploratory_minres_oblimin,D3_4,F2,-0.27582026505675533,True
D3,full,1104,exploratory_minres_oblimin,D3_5,F1,0.7631150124497204,True
D3,full,1104,exploratory_minres_oblimin,D3_5,F2,-0.030780764200904406,True
D3,full,1104,exploratory_minres_oblimin,D3_6,F1,0.7763179438082407,True
D3,full,1104,exploratory_minres_oblimin,D3_6,F2,-0.01665581542105412,True
D3,full,1104,exploratory_minres_oblimin,D3_7,F1,0.83532788853089,True
D3,full,1104,exploratory_minres_oblimin,D3_7,F2,0.026859296870299802,True
D3,full,1104,exploratory_minres_oblimin,D3_8,F1,0.9001294262960742,True
D3,full,1104,exploratory_minres_oblimin,D3_8,F2,0.0731578730000649,True
D3,full,1104,exploratory_minres_oblimin,D3_9,F1,0.8559024179979806,True
D3,full,1104,exploratory_minres_oblimin,D3_9,F2,-0.0094159779377111,True
D3,full,1104,diagnostic_one_factor_uls,D3_1,G,0.7443748464233307,
D3,full,1104,diagnostic_one_factor_uls,D3_2,G,0.7707136917638888,
D3,full,1104,diagnostic_one_factor_uls,D3_3,G,-0.7102440423606818,
D3,full,1104,diagnostic_one_factor_uls,D3_4,G,-0.8202069602515805,
D3,full,1104,diagnostic_one_factor_uls,D3_5,G,-0.7804403690686341,
D3,full,1104,diagnostic_one_factor_uls,D3_6,G,-0.7807692400754453,
D3,full,1104,diagnostic_one_factor_uls,D3_7,G,-0.7989934727580243,
D3,full,1104,diagnostic_one_factor_uls,D3_8,G,-0.8197737155406654,
D3,full,1104,diagnostic_one_factor_uls,D3_9,G,-0.8521055730299022,
D3,sensitivity,1099,exploratory_minres_oblimin,D3_1,F1,-0.18097646324435582,True
D3,sensitivity,1099,exploratory_minres_oblimin,D3_1,F2,0.6519122981707844,True
D3,sensitivity,1099,exploratory_minres_oblimin,D3_2,F1,0.02599264939356754,True
D3,sensitivity,1099,exploratory_minres_oblimin,D3_2,F2,0.9370797815631157,True
D3,sensitivity,1099,exploratory_minres_oblimin,D3_3,F1,0.5041082285400386,True
D3,sensitivity,1099,exploratory_minres_oblimin,D3_3,F2,-0.23726347232907544,True
D3,sensitivity,1099,exploratory_minres_oblimin,D3_4,F1,0.5755210132225617,True
D3,sensitivity,1099,exploratory_minres_oblimin,D3_4,F2,-0.2813090885338879,True
D3,sensitivity,1099,exploratory_minres_oblimin,D3_5,F1,0.7619318082001885,True
D3,sensitivity,1099,exploratory_minres_oblimin,D3_5,F2,-0.03175585148027283,True
D3,sensitivity,1099,exploratory_minres_oblimin,D3_6,F1,0.7743099308169176,True
D3,sensitivity,1099,exploratory_minres_oblimin,D3_6,F2,-0.018618173992016252,True
D3,sensitivity,1099,exploratory_minres_oblimin,D3_7,F1,0.8337323791653142,True
D3,sensitivity,1099,exploratory_minres_oblimin,D3_7,F2,0.025276338556685884,True
D3,sensitivity,1099,exploratory_minres_oblimin,D3_8,F1,0.9003632196367378,True
D3,sensitivity,1099,exploratory_minres_oblimin,D3_8,F2,0.0735682568473732,True
D3,sensitivity,1099,exploratory_minres_oblimin,D3_9,F1,0.8555894260168825,True
D3,sensitivity,1099,exploratory_minres_oblimin,D3_9,F2,-0.009168156693964636,True
D3,sensitivity,1099,diagnostic_one_factor_uls,D3_1,G,0.7457478809994853,
D3,sensitivity,1099,diagnostic_one_factor_uls,D3_2,G,0.7720780128669372,
D3,sensitivity,1099,diagnostic_one_factor_uls,D3_3,G,-0.7097861564256163,
D3,sensitivity,1099,diagnostic_one_factor_uls,D3_4,G,-0.8198758666788627,
D3,sensitivity,1099,diagnostic_one_factor_uls,D3_5,G,-0.7801506401436743,
D3,sensitivity,1099,diagnostic_one_factor_uls,D3_6,G,-0.7805333258629652,
D3,sensitivity,1099,diagnostic_one_factor_uls,D3_7,G,-0.7987306908048659,
D3,sensitivity,1099,diagnostic_one_factor_uls,D3_8,G,-0.8193766294867606,
D3,sensitivity,1099,diagnostic_one_factor_uls,D3_9,G,-0.8514991111225796,
