dataset,sample,n,model,factors,proper,rmsr_off_diagonal,maximum_absolute_residual,maximum_factor_correlation,minimum_uniqueness
D5,full,2613,exploratory_minres_oblimin,5,True,0.014620422752301241,0.04198602308033217,,
D5,full,2613,hypothesized_five_sections_uls,5,False,0.052058948811977535,0.16974507209995002,1.0655661116781987,0.45788080431662087
D5,full,2613,one_factor_uls,1,True,0.06165539018251319,0.20303381152900574,0.0,0.49457630032864397
D5,sensitivity,2512,exploratory_minres_oblimin,5,True,0.015152486828193076,0.05030060847203505,,
D5,sensitivity,2512,hypothesized_five_sections_uls,5,False,0.05503746616468247,0.1883697768701258,1.0777362053203807,0.38782354241679207
D5,sensitivity,2512,one_factor_uls,1,True,0.06385659015277591,0.19502455772664765,0.0,0.5055384044380467
D3,full,1104,exploratory_minres_oblimin,2,True,0.017111495182355545,0.04146077087094624,,
D3,full,1104,diagnostic_one_factor_uls,1,True,0.03963151513998355,0.1581534971702454,0.0,0.2739161897025143
D3,sensitivity,1099,exploratory_minres_oblimin,2,True,0.01712085878049951,0.041438235792427336,,
D3,sensitivity,1099,diagnostic_one_factor_uls,1,True,0.039189407580563704,0.15491717844701303,0.0,0.27494919867953527
