dataset,sample,n,model,factor_i,factor_j,correlation
D5,full,2613,exploratory_minres_oblimin,F2,F1,0.5197119311885888
D5,full,2613,exploratory_minres_oblimin,F3,F1,0.5098904121936271
D5,full,2613,exploratory_minres_oblimin,F3,F2,0.1055863679020792
D5,full,2613,exploratory_minres_oblimin,F4,F1,0.2489442270961837
D5,full,2613,exploratory_minres_oblimin,F4,F2,0.4031731295110346
D5,full,2613,exploratory_minres_oblimin,F4,F3,0.2236497915846179
D5,full,2613,exploratory_minres_oblimin,F5,F1,0.14017823355637637
D5,full,2613,exploratory_minres_oblimin,F5,F2,0.06574950710499552
D5,full,2613,exploratory_minres_oblimin,F5,F3,0.2478953426780595
D5,full,2613,exploratory_minres_oblimin,F5,F4,0.20778851948448915
D5,full,2613,hypothesized_five_sections_uls,CD,AD,0.8882209977278929
D5,full,2613,hypothesized_five_sections_uls,CT,AD,0.3471228710955954
D5,full,2613,hypothesized_five_sections_uls,CT,CD,0.6043056397977158
D5,full,2613,hypothesized_five_sections_uls,T,AD,0.923775298707838
D5,full,2613,hypothesized_five_sections_uls,T,CD,1.0655661116781987
D5,full,2613,hypothesized_five_sections_uls,T,CT,0.678288666840959
D5,full,2613,hypothesized_five_sections_uls,U,AD,0.9691275946532324
D5,full,2613,hypothesized_five_sections_uls,U,CD,0.8240488074519472
D5,full,2613,hypothesized_five_sections_uls,U,CT,0.5570467607772409
D5,full,2613,hypothesized_five_sections_uls,U,T,0.8716554228178852
D5,sensitivity,2512,exploratory_minres_oblimin,F2,F1,0.412079751242475
D5,sensitivity,2512,exploratory_minres_oblimin,F3,F1,0.5055929109351484
D5,sensitivity,2512,exploratory_minres_oblimin,F3,F2,0.03519493032575377
D5,sensitivity,2512,exploratory_minres_oblimin,F4,F1,0.19095692438279513
D5,sensitivity,2512,exploratory_minres_oblimin,F4,F2,0.35251528087360495
D5,sensitivity,2512,exploratory_minres_oblimin,F4,F3,0.20317518225256703
D5,sensitivity,2512,exploratory_minres_oblimin,F5,F1,0.012940618334160617
D5,sensitivity,2512,exploratory_minres_oblimin,F5,F2,-0.09789007191709143
D5,sensitivity,2512,exploratory_minres_oblimin,F5,F3,0.1711282681326697
D5,sensitivity,2512,exploratory_minres_oblimin,F5,F4,0.13225967667859767
D5,sensitivity,2512,hypothesized_five_sections_uls,CD,AD,0.8489852366462515
D5,sensitivity,2512,hypothesized_five_sections_uls,CT,AD,0.11363137129126484
D5,sensitivity,2512,hypothesized_five_sections_uls,CT,CD,0.5068900088146984
D5,sensitivity,2512,hypothesized_five_sections_uls,T,AD,0.8755886587270627
D5,sensitivity,2512,hypothesized_five_sections_uls,T,CD,1.0777362053203807
D5,sensitivity,2512,hypothesized_five_sections_uls,T,CT,0.5799295441687315
D5,sensitivity,2512,hypothesized_five_sections_uls,U,AD,0.9570886158011722
D5,sensitivity,2512,hypothesized_five_sections_uls,U,CD,0.7791721059043181
D5,sensitivity,2512,hypothesized_five_sections_uls,U,CT,0.3675154180555011
D5,sensitivity,2512,hypothesized_five_sections_uls,U,T,0.8139149849261081
D3,full,1104,exploratory_minres_oblimin,F2,F1,-0.7867182245401264
D3,sensitivity,1099,exploratory_minres_oblimin,F2,F1,-0.7898244239642724
