dataset,sample,n,section,item,corrected_item_total,ordinal_item_rest_correlation,alpha_if_deleted,ordinal_omega_if_deleted,ordinal_one_factor_loading
D5,full,2613,U,U1,0.19665663560126193,0.27260316519119077,0.4626392983691357,0.5238936573439166,0.375424254219305
D5,full,2613,U,U2,0.29597863831021254,0.36793705165226936,0.3967893120873188,0.4679241056703136,0.535275170691529
D5,full,2613,U,U3,0.27644861738399706,0.3282292709301851,0.41136572158440377,0.49455450517129385,0.4652605668879046
D5,full,2613,U,U4,0.23293744504311445,0.270794035867387,0.4399027679703137,0.5249204728521006,0.3725186836655296
D5,full,2613,U,U5,0.2835069279184967,0.33156763140908463,0.40513403398025594,0.488570603320343,0.48206176329265965
D5,full,2613,CD,CD1,0.5226921612796601,0.5312616843041256,0.6316716131154347,0.6585654654492117,0.6598501505057073
D5,full,2613,CD,CD2,0.4291627770198809,0.4417618042311761,0.6710272562223325,0.6941220210688842,0.5356587268594877
D5,full,2613,CD,CD3,0.31835885408757364,0.3385285834599942,0.7116029177031822,0.7285428488088426,0.39504118789153947
D5,full,2613,CD,CD4,0.49882442180123987,0.5041765082818755,0.6423154580285761,0.6752462405638917,0.6052878333038589
D5,full,2613,CD,CD5,0.5462054114189259,0.5798403028995777,0.620327906676459,0.6376246936613573,0.7268273058974406
D5,full,2613,T,T1,0.39083267451207493,0.41148647426377954,0.5418407187367451,0.5830616036621745,0.5294826048806243
D5,full,2613,T,T2,0.19260343245542813,0.2388257875426274,0.6335750525702277,0.6519488608616513,0.2957237170976914
D5,full,2613,T,T3,0.4532591121951841,0.4645504621097779,0.5034929402609462,0.5484174966332279,0.6365514733483579
D5,full,2613,T,T4,0.35197799211044395,0.36132684190562575,0.5619987993746078,0.6031457777130146,0.47147399043502475
D5,full,2613,T,T5,0.43771037872130536,0.46229021440527934,0.5163595962843011,0.5532354953065536,0.6156754176936479
D5,full,2613,CT,CT1,0.3685587241266521,0.40917177469137367,0.4700896350517426,0.5278957461740515,0.5504457922909577
D5,full,2613,CT,CT2,0.18700143059088792,0.23191976783871798,0.5700189445776478,0.6091163638702708,0.29796045784567887
D5,full,2613,CT,CT3,0.3383521648943346,0.373460561671664,0.4877212326661825,0.5420566077719684,0.5204788876916753
D5,full,2613,CT,CT4,0.34177521863129784,0.37683353176746937,0.48646663818841357,0.5438033560108069,0.5069848273919078
D5,full,2613,CT,CT5,0.35301163665455654,0.39132167567933274,0.4788490682798825,0.5352633697736254,0.5390079888837767
D5,full,2613,AD,AD1,0.36817496759568175,0.39225452849841974,0.46491097449107166,0.4880429364366232,0.5668516220977653
D5,full,2613,AD,AD2,0.26697569253155323,0.3090283484904042,0.5239671076849366,0.5361413478685009,0.43445429266756913
D5,full,2613,AD,AD3,0.2749815153105446,0.29592857121884497,0.5206755560356155,0.5512940486677138,0.38090132415371397
D5,full,2613,AD,AD4,0.28579339868288434,0.26410409901611803,0.5150589331698826,0.5642220004322268,0.34127915393221525
D5,full,2613,AD,AD5,0.378974669767366,0.4028133577914789,0.458333843999357,0.48090356697162295,0.5893137505529843
D5,sensitivity,2512,U,U1,0.13671215508630694,0.18849690564235627,0.38748610794918986,0.43227943750854836,0.28622715847203284
D5,sensitivity,2512,U,U2,0.2441997369557996,0.2995959778338379,0.3043415177524758,0.3532993901513776,0.4972306737055079
D5,sensitivity,2512,U,U3,0.21492821665862852,0.24719691257158827,0.32937379713845855,0.3988040086058931,0.38988226529497033
D5,sensitivity,2512,U,U4,0.16971556987210265,0.1844537269217898,0.3635752841274451,0.4348958486186052,0.2789881285420638
D5,sensitivity,2512,U,U5,0.22686089594610492,0.2576797222285686,0.3178715090413641,0.38303519748615206,0.42919198669273995
D5,sensitivity,2512,CD,CD1,0.4855209825505116,0.4727393272752527,0.5899167958554881,0.6033217025910121,0.6151249970946343
D5,sensitivity,2512,CD,CD2,0.38867049109923407,0.38580965940929385,0.6344378570579645,0.6415304285634877,0.49040139299210184
D5,sensitivity,2512,CD,CD3,0.2721538565666085,0.27279669105346327,0.6811111581850702,0.684412823258125,0.327660172454579
D5,sensitivity,2512,CD,CD4,0.45974169170130197,0.44391021792538427,0.6025126388891847,0.6245712284267754,0.5500270022690968
D5,sensitivity,2512,CD,CD5,0.5153142690648063,0.5342723890580457,0.5739802181000506,0.5716131869730825,0.7077099897122889
D5,sensitivity,2512,T,T1,0.34056771567920807,0.34312630870791777,0.4793102454252597,0.5075525635890108,0.46896153350745967
D5,sensitivity,2512,T,T2,0.13190119494374467,0.15791799760271757,0.5880681847318883,0.5913756123706229,0.20734689042071713
D5,sensitivity,2512,T,T3,0.411465461717862,0.40451613897813304,0.42865643097492623,0.4601754355883416,0.6077465144022849
D5,sensitivity,2512,T,T4,0.29252119825684086,0.28125200367768016,0.507189202412215,0.5355156688892452,0.3977227673230512
D5,sensitivity,2512,T,T5,0.39416699478510464,0.4038584929375207,0.44606051105183103,0.46562880308009963,0.5788829596700492
D5,sensitivity,2512,CT,CT1,0.31718960224459886,0.33520222867365834,0.39593286703545083,0.4337191113822618,0.4867177271270151
D5,sensitivity,2512,CT,CT2,0.12735063884870662,0.14571447771594773,0.515038173453447,0.5349833729195907,0.19906696235712762
D5,sensitivity,2512,CT,CT3,0.2853951915327393,0.3034673853801399,0.4170449197268411,0.44631548476882493,0.4762731363026212
D5,sensitivity,2512,CT,CT4,0.289048350823331,0.30145312032267313,0.4155881255280776,0.4527979907982038,0.4416495727901016
D5,sensitivity,2512,CT,CT5,0.30202912816892946,0.31667397057814867,0.4055672324982713,0.44223711102806224,0.48497417501001555
D5,sensitivity,2512,AD,AD1,0.3153209408329069,0.31804624717256325,0.39000311359653034,0.3853926527748141,0.5177203659110582
D5,sensitivity,2512,AD,AD2,0.2056491273005545,0.226910821256279,0.4626149441639861,0.44779690528172206,0.3607205996248374
D5,sensitivity,2512,AD,AD3,0.22661250884596162,0.22920845105733414,0.45111445685828466,0.45997017771989773,0.30924176302895406
D5,sensitivity,2512,AD,AD4,0.2289876935686643,0.17911596830025567,0.4500866691412978,0.4836076443776839,0.24404407278696466
D5,sensitivity,2512,AD,AD5,0.32727555727426627,0.32908666085121374,0.3816455469275488,0.37623024772064123,0.5479136310222776
