dataset,sample,n,item,count_1,count_2,count_3,count_4,count_5
D5,full,2613,U1,103,211,391,1034,874
D5,full,2613,U2,124,186,591,747,965
D5,full,2613,U3,106,205,686,851,765
D5,full,2613,U4,128,186,589,956,754
D5,full,2613,U5,117,396,473,760,867
D5,full,2613,CD1,314,417,385,854,643
D5,full,2613,CD2,113,391,596,636,877
D5,full,2613,CD3,117,397,465,744,890
D5,full,2613,CD4,320,294,584,743,672
D5,full,2613,CD5,315,396,383,689,830
D5,full,2613,T1,118,388,605,721,781
D5,full,2613,T2,113,185,582,884,849
D5,full,2613,T3,309,386,386,732,800
D5,full,2613,T4,109,397,698,774,635
D5,full,2613,T5,114,386,591,657,865
D5,full,2613,CT1,124,307,501,940,741
D5,full,2613,CT2,111,201,454,986,861
D5,full,2613,CT3,106,402,608,639,858
D5,full,2613,CT4,98,312,497,930,776
D5,full,2613,CT5,119,386,379,960,769
D5,full,2613,AD1,119,372,542,834,746
D5,full,2613,AD2,94,199,709,851,760
D5,full,2613,AD3,103,188,595,629,1098
D5,full,2613,AD4,116,386,406,936,769
D5,full,2613,AD5,108,398,483,884,740
D5,sensitivity,2512,U1,103,211,391,1033,774
D5,sensitivity,2512,U2,124,186,591,746,865
D5,sensitivity,2512,U3,106,205,686,850,665
D5,sensitivity,2512,U4,128,186,589,955,654
D5,sensitivity,2512,U5,117,396,473,759,767
D5,sensitivity,2512,CD1,314,417,385,853,543
D5,sensitivity,2512,CD2,113,391,596,635,777
D5,sensitivity,2512,CD3,117,397,465,743,790
D5,sensitivity,2512,CD4,320,294,584,742,572
D5,sensitivity,2512,CD5,315,396,383,688,730
D5,sensitivity,2512,T1,118,388,605,720,681
D5,sensitivity,2512,T2,113,185,582,883,749
D5,sensitivity,2512,T3,309,386,386,731,700
D5,sensitivity,2512,T4,109,397,698,773,535
D5,sensitivity,2512,T5,114,386,591,656,765
D5,sensitivity,2512,CT1,124,307,501,939,641
D5,sensitivity,2512,CT2,111,201,454,985,761
D5,sensitivity,2512,CT3,106,402,608,638,758
D5,sensitivity,2512,CT4,98,312,497,929,676
D5,sensitivity,2512,CT5,119,386,379,959,669
D5,sensitivity,2512,AD1,119,372,542,833,646
D5,sensitivity,2512,AD2,94,199,709,850,660
D5,sensitivity,2512,AD3,103,188,595,628,998
D5,sensitivity,2512,AD4,116,386,406,935,669
D5,sensitivity,2512,AD5,108,398,483,883,640
D3,full,1104,D3_1,80,475,117,398,34
D3,full,1104,D3_2,136,413,140,342,73
D3,full,1104,D3_3,36,300,114,462,192
D3,full,1104,D3_4,51,262,158,444,189
D3,full,1104,D3_5,37,266,181,453,167
D3,full,1104,D3_6,35,272,199,446,152
D3,full,1104,D3_7,60,263,169,488,124
D3,full,1104,D3_8,54,237,174,480,159
D3,full,1104,D3_9,163,161,120,347,313
D3,sensitivity,1099,D3_1,80,475,115,395,34
D3,sensitivity,1099,D3_2,136,413,138,339,73
D3,sensitivity,1099,D3_3,36,300,112,459,192
D3,sensitivity,1099,D3_4,51,262,156,441,189
D3,sensitivity,1099,D3_5,37,266,179,450,167
D3,sensitivity,1099,D3_6,35,272,197,443,152
D3,sensitivity,1099,D3_7,60,263,167,485,124
D3,sensitivity,1099,D3_8,54,237,172,477,159
D3,sensitivity,1099,D3_9,163,161,118,344,313
