dataset,position,item,section,interpretation,raw_column,reverse_coded
D5,1,U1,U,AI Usage,AI Usage [I use generative AI tools regularly for academic purposes.],False
D5,2,U2,U,AI Usage,AI Usage [I use AI tools for assignment writing.],False
D5,3,U3,U,AI Usage,AI Usage [I use AI tools for study planning.],False
D5,4,U4,U,AI Usage,AI Usage [I use AI tools for research-related tasks.],False
D5,5,U5,U,AI Usage,AI Usage [I depend on AI tools to complete academic work faster.],False
D5,6,CD1,CD,Cognitive Dependence,Cognitive Dependence [I feel uncomfortable completing academic tasks without AI tools.],False
D5,7,CD2,CD,Cognitive Dependence,Cognitive Dependence [I rely on AI before thinking independently.],False
D5,8,CD3,CD,Cognitive Dependence,Cognitive Dependence [AI tools have become essential to my academic workflow.],False
D5,9,CD4,CD,Cognitive Dependence,Cognitive Dependence [I use AI tools even for simple academic decisions.],False
D5,10,CD5,CD,Cognitive Dependence,Cognitive Dependence [I feel less confident working without AI assistance.],False
D5,11,T1,T,Trust in AI,Trust in AI [I trust AI-generated academic responses.],False
D5,12,T2,T,Trust in AI,Trust in AI [AI tools usually provide reliable information.],False
D5,13,T3,T,Trust in AI,Trust in AI [I rarely verify AI-generated answers before using them.],False
D5,14,T4,T,Trust in AI,Trust in AI [I believe AI tools make better academic suggestions than I can myself.],False
D5,15,T5,T,Trust in AI,Trust in AI [I trust AI recommendations for academic decision-making.],False
D5,16,CT1,CT,Reported reduction in independent thinking,Critical Thinking [Using AI tools reduces my need to think deeply.],False
D5,17,CT2,CT,Reported reduction in independent thinking,Critical Thinking [I analyze less when using AI-generated responses.],False
D5,18,CT3,CT,Reported reduction in independent thinking,Critical Thinking [I prefer AI explanations over conducting my own research.],False
D5,19,CT4,CT,Reported reduction in independent thinking,Critical Thinking [AI tools reduce my independent problem-solving efforts.],False
D5,20,CT5,CT,Reported reduction in independent thinking,Critical Thinking [I rely more on AI-generated ideas than my own thinking.],False
D5,21,AD1,AD,Academic Decision-Making,Academic Decision-Making [AI tools influence my academic decisions.],False
D5,22,AD2,AD,Academic Decision-Making,Academic Decision-Making [I use AI suggestions for study-related decisions.],False
D5,23,AD3,AD,Academic Decision-Making,Academic Decision-Making [AI tools help me choose research topics or project ideas.],False
D5,24,AD4,AD,Academic Decision-Making,Academic Decision-Making [I use AI recommendations to improve academic performance.],False
D5,25,AD5,AD,Academic Decision-Making,Academic Decision-Making [AI tools positively affect my academic decision-making process.],False
D3,1,D3_1,unassigned,No assumed scale,I verify AI-generated information before using it in academic work.,False
D3,2,D3_2,unassigned,No assumed scale,I can study and complete tasks effectively without any AI support.,False
D3,3,D3_3,unassigned,No assumed scale,My first instinct for any academic doubt is to ask an AI rather than checking books or notes.,False
D3,4,D3_4,unassigned,No assumed scale,I find it harder to recall information that I have previously generated using AI.,False
D3,5,D3_5,unassigned,No assumed scale,"When using AI, I prioritize completing assignments quickly rather than fully understanding the subject matter.",False
D3,6,D3_6,unassigned,No assumed scale,I often use AI-generated responses without making any major modifications.,False
D3,7,D3_7,unassigned,No assumed scale,I feel less confident in my writing and analytical skills when I am not using AI.,False
D3,8,D3_8,unassigned,No assumed scale,My critical thinking ability has weakened due to reliance on AI tools.,False
D3,9,D3_9,unassigned,No assumed scale,I often submit academic work without fully understanding the content generated by AI.,False
