dataset,sample,n,item_i,item_j,polychoric,pearson
D5,full,2613,U2,U1,0.21187301480491413,0.1469853381197342
D5,full,2613,U3,U1,0.17134272558414798,0.11435169640948148
D5,full,2613,U3,U2,0.22199245240410187,0.17759024796019277
D5,full,2613,U4,U1,0.15428180928029975,0.1140765715596295
D5,full,2613,U4,U2,0.2109991157767604,0.1650163272776984
D5,full,2613,U4,U3,0.17789803412885874,0.15244338020130996
D5,full,2613,U5,U1,0.16091857878566782,0.11166031844568994
D5,full,2613,U5,U2,0.2666781326112669,0.21334322691346544
D5,full,2613,U5,U3,0.253373276735349,0.21500394373769222
D5,full,2613,U5,U4,0.15104507771643452,0.1373856468469592
D5,full,2613,CD1,U1,0.08791102115123021,0.031809203122184174
D5,full,2613,CD1,U2,0.19441674651136534,0.1579620404252203
D5,full,2613,CD1,U3,0.2147565301340872,0.19015364801275375
D5,full,2613,CD1,U4,0.2196857309266648,0.17272775042343944
D5,full,2613,CD1,U5,0.29856253262713833,0.2924385879705335
D5,full,2613,CD2,U1,0.22537820550462132,0.1381046306855206
D5,full,2613,CD2,U2,0.22076842598323432,0.16511270431509054
D5,full,2613,CD2,U3,0.2626475893593389,0.22184691040028826
D5,full,2613,CD2,U4,0.24483672200948686,0.19429171579595195
D5,full,2613,CD2,U5,0.2639896447110588,0.25316435716912816
D5,full,2613,CD2,CD1,0.33028364113614805,0.3322028837683719
D5,full,2613,CD3,U1,0.12472561164841446,0.08416235061033589
D5,full,2613,CD3,U2,0.21099483406210298,0.18635795973014466
D5,full,2613,CD3,U3,0.20298371518514538,0.17155256425492504
D5,full,2613,CD3,U4,0.15321982059238612,0.14040278643117887
D5,full,2613,CD3,U5,0.25315892587501604,0.23588273184946862
D5,full,2613,CD3,CD1,0.24225472126033978,0.21933525819514937
D5,full,2613,CD3,CD2,0.20239866882999039,0.19060505902752672
D5,full,2613,CD4,U1,0.07290745482317167,0.020224157276018076
D5,full,2613,CD4,U2,0.097981289490155,0.08312484687000934
D5,full,2613,CD4,U3,0.20453598962163727,0.1746912070728566
D5,full,2613,CD4,U4,0.1523518798859863,0.11180760507908509
D5,full,2613,CD4,U5,0.25062746789325513,0.24641804720009997
D5,full,2613,CD4,CD1,0.4310744735254923,0.4056439582211298
D5,full,2613,CD4,CD2,0.2966267740186992,0.2939944133340808
D5,full,2613,CD4,CD3,0.2861058228131822,0.2835557220764456
D5,full,2613,CD5,U1,0.2045336238844322,0.09295010738634624
D5,full,2613,CD5,U2,0.2682352787810192,0.1886651429125384
D5,full,2613,CD5,U3,0.2895190513295204,0.23864662763174319
D5,full,2613,CD5,U4,0.2775683743542192,0.20724575476353246
D5,full,2613,CD5,U5,0.3258334617709952,0.2985453532977087
D5,full,2613,CD5,CD1,0.4803042699570976,0.4668496395230327
D5,full,2613,CD5,CD2,0.4383575871715677,0.3883318761127837
D5,full,2613,CD5,CD3,0.2714947076904303,0.23661293217260443
D5,full,2613,CD5,CD4,0.4059836249630813,0.3923124966005597
D5,full,2613,T1,U1,0.1698838909163627,0.1017439800097754
D5,full,2613,T1,U2,0.19217894482891015,0.15662250476161652
D5,full,2613,T1,U3,0.2322190192969201,0.182982737352233
D5,full,2613,T1,U4,0.18160445863038255,0.15537788660525154
D5,full,2613,T1,U5,0.26103537380330305,0.23998943124638142
D5,full,2613,T1,CD1,0.34970289419764755,0.3393251965663465
D5,full,2613,T1,CD2,0.3428338284558158,0.31644905509856147
D5,full,2613,T1,CD3,0.23988830025646102,0.2156668102369815
D5,full,2613,T1,CD4,0.3323517636790911,0.31514084818011223
D5,full,2613,T1,CD5,0.4009733189795392,0.3701834908211727
D5,full,2613,T2,U1,0.15629189895960102,0.11724327709984796
D5,full,2613,T2,U2,0.21112791976157352,0.18028827678520065
D5,full,2613,T2,U3,0.20307833663517116,0.15484253352347424
D5,full,2613,T2,U4,0.1603534508467152,0.14280797199361725
D5,full,2613,T2,U5,0.22175017610370565,0.1938114686553795
D5,full,2613,T2,CD1,0.14164442199305688,0.1076688274261702
D5,full,2613,T2,CD2,0.19064532969569248,0.15410001747749746
D5,full,2613,T2,CD3,0.3182108398091563,0.2487203612324056
D5,full,2613,T2,CD4,0.18820388616077655,0.16224949278251713
D5,full,2613,T2,CD5,0.20762166653785946,0.1493073682302571
D5,full,2613,T2,T1,0.1855163427082154,0.14373225985842938
D5,full,2613,T3,U1,0.12615266786689347,0.04774389849678906
D5,full,2613,T3,U2,0.19379760263426699,0.1451572579446898
D5,full,2613,T3,U3,0.2204260040998109,0.19807916612981435
D5,full,2613,T3,U4,0.23474031408218352,0.16040374854768208
D5,full,2613,T3,U5,0.2803174201745888,0.2814040080692291
D5,full,2613,T3,CD1,0.5010697871764217,0.4803365047269891
D5,full,2613,T3,CD2,0.39151474811285236,0.37235203910592013
D5,full,2613,T3,CD3,0.19335557747478513,0.19373268531848198
D5,full,2613,T3,CD4,0.4130516491412984,0.3962670531129627
D5,full,2613,T3,CD5,0.5255411150003759,0.4895133973661879
D5,full,2613,T3,T1,0.3357804760203403,0.33163881392625233
D5,full,2613,T3,T2,0.1565603682205557,0.12871076443856172
D5,full,2613,T4,U1,0.06418855886289065,0.021552898195256482
D5,full,2613,T4,U2,0.12633565240186723,0.10056180233218054
D5,full,2613,T4,U3,0.17152294082950947,0.14167221014457745
D5,full,2613,T4,U4,0.17423268440422976,0.14080870595951514
D5,full,2613,T4,U5,0.21416235624171548,0.2092564838321448
D5,full,2613,T4,CD1,0.35134048096663223,0.3236952372031992
D5,full,2613,T4,CD2,0.25325581500443667,0.2444594725236368
D5,full,2613,T4,CD3,0.22904110710362607,0.2189501168419061
D5,full,2613,T4,CD4,0.331912408346137,0.308340903439942
D5,full,2613,T4,CD5,0.34196631611547396,0.3225437362748617
D5,full,2613,T4,T1,0.25255711678001774,0.23582409075465433
D5,full,2613,T4,T2,0.11858216906598192,0.09475735795337022
D5,full,2613,T4,T3,0.31356584912698404,0.30199236976425015
D5,full,2613,T5,U1,0.19076429418211358,0.10918686615762134
D5,full,2613,T5,U2,0.23911739668287024,0.17979416590284986
D5,full,2613,T5,U3,0.26292836184283735,0.22149313926492975
D5,full,2613,T5,U4,0.28215017940021103,0.22693082434445336
D5,full,2613,T5,U5,0.24769934212695324,0.2381451251733577
D5,full,2613,T5,CD1,0.3618218718598407,0.3614647632363289
D5,full,2613,T5,CD2,0.4034395790805929,0.35755627768853593
D5,full,2613,T5,CD3,0.22345705637707006,0.20905442068834496
D5,full,2613,T5,CD4,0.316240366629089,0.31114870279335954
D5,full,2613,T5,CD5,0.4273206291900164,0.37938756528525264
D5,full,2613,T5,T1,0.3111600424689051,0.28549432130924546
D5,full,2613,T5,T2,0.20590461108524974,0.16461622502890083
D5,full,2613,T5,T3,0.39791407145595464,0.3746717634846589
D5,full,2613,T5,T4,0.28387133551351457,0.27405789432152966
D5,full,2613,CT1,U1,0.163201246888936,0.11393891382469097
D5,full,2613,CT1,U2,0.09419961484706808,0.05117301608094222
D5,full,2613,CT1,U3,0.10533412099868,0.08483329388018152
D5,full,2613,CT1,U4,0.1396118099984958,0.0850548095204054
D5,full,2613,CT1,U5,0.01865528889641069,0.0006074072672369112
D5,full,2613,CT1,CD1,0.1667127600301158,0.14120175208415034
D5,full,2613,CT1,CD2,0.19756359443600166,0.1430849416671509
D5,full,2613,CT1,CD3,-0.04511448677858562,-0.0599484337044146
D5,full,2613,CT1,CD4,0.1192856019069825,0.09428463502137825
D5,full,2613,CT1,CD5,0.22723040782176254,0.1772863038984569
D5,full,2613,CT1,T1,0.11131517605723058,0.08623140661829759
D5,full,2613,CT1,T2,0.07155118476540391,0.06320301775186601
D5,full,2613,CT1,T3,0.21901327092643413,0.16666995024740194
D5,full,2613,CT1,T4,0.08135097119882415,0.05044820844619176
D5,full,2613,CT1,T5,0.21042047230148037,0.15878861070891467
D5,full,2613,CT2,U1,0.15853281752404544,0.1297003686445199
D5,full,2613,CT2,U2,0.09094149995624745,0.06918049720433515
D5,full,2613,CT2,U3,0.008852291570905257,0.007339157745073512
D5,full,2613,CT2,U4,0.1769388471402674,0.13096345346242338
D5,full,2613,CT2,U5,0.009429601577265072,0.007048331809085828
D5,full,2613,CT2,CD1,0.05280160853576286,0.010441036061571348
D5,full,2613,CT2,CD2,0.15564016952880155,0.10654879103258035
D5,full,2613,CT2,CD3,0.1239672150406246,0.0788764434320248
D5,full,2613,CT2,CD4,0.047789318403105345,0.023049717702965874
D5,full,2613,CT2,CD5,0.1531725544822541,0.09363207299114608
D5,full,2613,CT2,T1,0.08801047901912128,0.0669005413247187
D5,full,2613,CT2,T2,0.18496816382994888,0.14168680441384482
D5,full,2613,CT2,T3,0.10834843695645949,0.049734620828541645
D5,full,2613,CT2,T4,0.06266814069240853,0.03865121235528831
D5,full,2613,CT2,T5,0.10531766861281901,0.06282079601435515
D5,full,2613,CT2,CT1,0.20681969689245394,0.17332103207437657
D5,full,2613,CT3,U1,0.23085878987849837,0.14253519972038228
D5,full,2613,CT3,U2,0.1493942570196271,0.09350872795055665
D5,full,2613,CT3,U3,0.2306509442792617,0.18897002836226726
D5,full,2613,CT3,U4,0.22145929193690014,0.16168060275021126
D5,full,2613,CT3,U5,0.18182170898239539,0.16162838084400194
D5,full,2613,CT3,CD1,0.3197635414002474,0.32477653209566226
D5,full,2613,CT3,CD2,0.30911751526908865,0.26823636988240324
D5,full,2613,CT3,CD3,0.134160337610738,0.10690338227235849
D5,full,2613,CT3,CD4,0.23365194048845736,0.23097271385713428
D5,full,2613,CT3,CD5,0.3702905955931265,0.34290032383596
D5,full,2613,CT3,T1,0.2975878774391194,0.26654242098357256
D5,full,2613,CT3,T2,0.12031715053956102,0.08956540230870487
D5,full,2613,CT3,T3,0.33636289863866276,0.3307183537786378
D5,full,2613,CT3,T4,0.19937956398675966,0.186634796657025
D5,full,2613,CT3,T5,0.31969768617475497,0.2764411215229398
D5,full,2613,CT3,CT1,0.2914147983178254,0.2512564051319771
D5,full,2613,CT3,CT2,0.11207098855073647,0.0865677008391672
D5,full,2613,CT4,U1,0.1630991184782135,0.10595122747627592
D5,full,2613,CT4,U2,0.0544050033959582,0.019220705070480928
D5,full,2613,CT4,U3,0.071345248402752,0.04321234392069874
D5,full,2613,CT4,U4,0.1488634489690779,0.08770126786003513
D5,full,2613,CT4,U5,0.04557276122150766,0.023986856227123234
D5,full,2613,CT4,CD1,0.16669419215821063,0.1455089035288828
D5,full,2613,CT4,CD2,0.17927779915568345,0.13168941673179707
D5,full,2613,CT4,CD3,0.0017753257825247478,-0.0185321406488605
D5,full,2613,CT4,CD4,0.1139015478913323,0.08609899570251817
D5,full,2613,CT4,CD5,0.21055364922164133,0.1732082295420255
D5,full,2613,CT4,T1,0.11651360607126975,0.09401030758780236
D5,full,2613,CT4,T2,0.028941505566801307,0.01790039954783806
D5,full,2613,CT4,T3,0.24291972246107696,0.18737243714409246
D5,full,2613,CT4,T4,0.11185878596743734,0.07697782732302592
D5,full,2613,CT4,T5,0.24344937480087875,0.1928881655983051
D5,full,2613,CT4,CT1,0.2777101670858624,0.24977321753728282
D5,full,2613,CT4,CT2,0.16585491407609831,0.13756353340809832
D5,full,2613,CT4,CT3,0.25017823649621823,0.21782959885234646
D5,full,2613,CT5,U1,0.18068404194916526,0.1078412219784865
D5,full,2613,CT5,U2,0.08154664698351607,0.03394304054202661
D5,full,2613,CT5,U3,0.12614469530841657,0.09832437546272361
D5,full,2613,CT5,U4,0.14399805253660058,0.07370502781325586
D5,full,2613,CT5,U5,0.0612352851266813,0.0355980624794167
D5,full,2613,CT5,CD1,0.2044908115739133,0.18633351339108034
D5,full,2613,CT5,CD2,0.186225973901122,0.14518894921122663
D5,full,2613,CT5,CD3,-0.04741862708131819,-0.0703982586667078
D5,full,2613,CT5,CD4,0.14130394305306077,0.10934162327872969
D5,full,2613,CT5,CD5,0.22877355762981721,0.19987811544006018
D5,full,2613,CT5,T1,0.1540710683397897,0.12774206049520273
D5,full,2613,CT5,T2,-0.012285457894131893,-0.030064716804865076
D5,full,2613,CT5,T3,0.2504618660117992,0.21338777084967653
D5,full,2613,CT5,T4,0.12209352945695869,0.08562894566446655
D5,full,2613,CT5,T5,0.1906545572564098,0.1454554185438139
D5,full,2613,CT5,CT1,0.26956411094190613,0.23886210902250654
D5,full,2613,CT5,CT2,0.14450046007240755,0.09986525074961103
D5,full,2613,CT5,CT3,0.3121708478084042,0.2868505200342217
D5,full,2613,CT5,CT4,0.27970470010349946,0.24854472308761788
D5,full,2613,AD1,U1,0.14532108319087858,0.09214398009169494
D5,full,2613,AD1,U2,0.21932445320134245,0.18809928861557002
D5,full,2613,AD1,U3,0.24440229218238116,0.19320764890821204
D5,full,2613,AD1,U4,0.133751499511355,0.12371193826336851
D5,full,2613,AD1,U5,0.2946038408883999,0.268809336638764
D5,full,2613,AD1,CD1,0.26581096053555703,0.23933983026065395
D5,full,2613,AD1,CD2,0.244744682420889,0.21687329655932
D5,full,2613,AD1,CD3,0.34860833983959555,0.32264473192245074
D5,full,2613,AD1,CD4,0.30054076094470417,0.28422972190886103
D5,full,2613,AD1,CD5,0.27842093399902723,0.2347850516403625
D5,full,2613,AD1,T1,0.2662433055036252,0.23574978719210857
D5,full,2613,AD1,T2,0.23152782772014127,0.1856604288707656
D5,full,2613,AD1,T3,0.2319075036788964,0.22449803174677843
D5,full,2613,AD1,T4,0.28499838935750105,0.25862084667180935
D5,full,2613,AD1,T5,0.23312236631418176,0.21274312765724646
D5,full,2613,AD1,CT1,0.017613346194470206,-0.012760901359777935
D5,full,2613,AD1,CT2,0.05945953314448202,0.03860852197675878
D5,full,2613,AD1,CT3,0.15969829533815078,0.11869491555890965
D5,full,2613,AD1,CT4,0.03148988747499587,-0.0054157928095332295
D5,full,2613,AD1,CT5,0.007348219781604954,-0.028954105804935987
D5,full,2613,AD2,U1,0.09003014196518663,0.061388890411187634
D5,full,2613,AD2,U2,0.174974119683585,0.14070188672592238
D5,full,2613,AD2,U3,0.1951158856821667,0.14205850433736905
D5,full,2613,AD2,U4,0.1288893545442745,0.11074570961672055
D5,full,2613,AD2,U5,0.22207257138932449,0.1794186317891384
D5,full,2613,AD2,CD1,0.19380020479496263,0.1477655122895586
D5,full,2613,AD2,CD2,0.16560301991602902,0.13410947142226282
D5,full,2613,AD2,CD3,0.2694733142765563,0.22928522994859818
D5,full,2613,AD2,CD4,0.20377690909167892,0.16435582894355383
D5,full,2613,AD2,CD5,0.1982999186315848,0.15097029587865896
D5,full,2613,AD2,T1,0.22581692702899578,0.17623037793014168
D5,full,2613,AD2,T2,0.1575294406172518,0.1214328580409963
D5,full,2613,AD2,T3,0.1481263829302051,0.1241249364533585
D5,full,2613,AD2,T4,0.1944637502844217,0.16476030701060246
D5,full,2613,AD2,T5,0.20999195844018434,0.16910066754117678
D5,full,2613,AD2,CT1,0.005228439960198269,-0.0058795521204284985
D5,full,2613,AD2,CT2,0.07673013026646028,0.06761712417642349
D5,full,2613,AD2,CT3,0.1208148383013353,0.08512388245696172
D5,full,2613,AD2,CT4,0.051206752603985356,0.027801534483136697
D5,full,2613,AD2,CT5,0.04368009720144073,0.0176086094429569
D5,full,2613,AD2,AD1,0.24965148484682323,0.20920694156332303
D5,full,2613,AD3,U1,0.1982185479229996,0.15017322099781102
D5,full,2613,AD3,U2,0.29759262996714947,0.22794491116061083
D5,full,2613,AD3,U3,0.1676987993199616,0.1411386933109406
D5,full,2613,AD3,U4,0.17643622575400592,0.14020419956155306
D5,full,2613,AD3,U5,0.2708043405295367,0.2300438597839048
D5,full,2613,AD3,CD1,0.12415510218825433,0.10188850111721708
D5,full,2613,AD3,CD2,0.2107449027109681,0.16477937851399188
D5,full,2613,AD3,CD3,0.2403261503541049,0.20238004947772542
D5,full,2613,AD3,CD4,0.08472011791610914,0.09322409516146607
D5,full,2613,AD3,CD5,0.20186262062918947,0.13869552510454822
D5,full,2613,AD3,T1,0.19251009758283294,0.17232234554453824
D5,full,2613,AD3,T2,0.256233464640448,0.20507931711563573
D5,full,2613,AD3,T3,0.15754623050951477,0.12486032298427809
D5,full,2613,AD3,T4,0.04149357820037022,0.04476912920724695
D5,full,2613,AD3,T5,0.2191799857949456,0.1741196385133357
D5,full,2613,AD3,CT1,0.035136929273254736,0.011597709126688189
D5,full,2613,AD3,CT2,0.11876471434114068,0.07780909700572293
D5,full,2613,AD3,CT3,0.08456640354317856,0.05708611325969082
D5,full,2613,AD3,CT4,0.04760461399511572,0.022858867415145194
D5,full,2613,AD3,CT5,0.011323982887065095,-0.017790875378346872
D5,full,2613,AD3,AD1,0.20561616599161536,0.18605487351847644
D5,full,2613,AD3,AD2,0.153727351675206,0.12755243465873678
D5,full,2613,AD4,U1,0.1468021583173559,0.09615070271198464
D5,full,2613,AD4,U2,0.2160649368134839,0.18676709615093323
D5,full,2613,AD4,U3,0.16613714242047467,0.15477312637124777
D5,full,2613,AD4,U4,0.23431873994110636,0.181107558601969
D5,full,2613,AD4,U5,0.20740113865451784,0.22402888047231306
D5,full,2613,AD4,CD1,0.27685491651096267,0.2646662452736772
D5,full,2613,AD4,CD2,0.24947858119083285,0.22956850442941718
D5,full,2613,AD4,CD3,0.20590603021836362,0.2266382968796435
D5,full,2613,AD4,CD4,0.24988867868722753,0.24401695222915165
D5,full,2613,AD4,CD5,0.32771261329403006,0.2876628449418648
D5,full,2613,AD4,T1,0.21274112690870034,0.21477867917892213
D5,full,2613,AD4,T2,0.1818300595785871,0.17671254052036528
D5,full,2613,AD4,T3,0.3130034032607719,0.27818568983058967
D5,full,2613,AD4,T4,0.21483387756767375,0.2024030143599797
D5,full,2613,AD4,T5,0.3029755263811921,0.2737306209051269
D5,full,2613,AD4,CT1,0.13367936408456443,0.061573946753876105
D5,full,2613,AD4,CT2,0.11109772202730238,0.055413561954860205
D5,full,2613,AD4,CT3,0.2019451346851629,0.15096659729245965
D5,full,2613,AD4,CT4,0.08533546515020075,0.018832236441074648
D5,full,2613,AD4,CT5,0.16293190736127502,0.0749280375307462
D5,full,2613,AD4,AD1,0.18367939570592956,0.20278357598396762
D5,full,2613,AD4,AD2,0.11230208888888742,0.11294598601126482
D5,full,2613,AD4,AD3,0.21124844785534372,0.20441073076559124
D5,full,2613,AD5,U1,0.09159017028041051,0.04805792225036287
D5,full,2613,AD5,U2,0.2092056447625628,0.18437704698246962
D5,full,2613,AD5,U3,0.2719600193853609,0.21939790917578858
D5,full,2613,AD5,U4,0.16240262698124247,0.1442854817106105
D5,full,2613,AD5,U5,0.3098988759345916,0.2798018169058075
D5,full,2613,AD5,CD1,0.28931555569008743,0.26237309151150656
D5,full,2613,AD5,CD2,0.25174752466597583,0.22596628948103242
D5,full,2613,AD5,CD3,0.3204367987234088,0.29675476336145823
D5,full,2613,AD5,CD4,0.29182645014853886,0.2759021934104823
D5,full,2613,AD5,CD5,0.3152315102708145,0.27590283304549196
D5,full,2613,AD5,T1,0.2888676228898176,0.2538890922821955
D5,full,2613,AD5,T2,0.2511766006656731,0.20140591401262806
D5,full,2613,AD5,T3,0.2741935344059119,0.2541631182513901
D5,full,2613,AD5,T4,0.24484651370139215,0.2292291826182302
D5,full,2613,AD5,T5,0.24820337219353983,0.21770793193425245
D5,full,2613,AD5,CT1,0.0421852585630542,0.0068716998759757435
D5,full,2613,AD5,CT2,0.04062684944600809,0.01939691703480058
D5,full,2613,AD5,CT3,0.162601563799193,0.12743412192013845
D5,full,2613,AD5,CT4,0.026918910269715005,-0.008020196229242337
D5,full,2613,AD5,CT5,0.019066860910851142,-0.017877762695973146
D5,full,2613,AD5,AD1,0.34388519937120016,0.31266970907728925
D5,full,2613,AD5,AD2,0.2812217349866519,0.23490835672716795
D5,full,2613,AD5,AD3,0.1960002701700994,0.18277183102167757
D5,full,2613,AD5,AD4,0.1845113106350283,0.20466388382310932
D5,sensitivity,2512,U2,U1,0.15725666230266325,0.11066740478250414
D5,sensitivity,2512,U3,U1,0.1080621694531672,0.07090049919022758
D5,sensitivity,2512,U3,U2,0.16708342585148572,0.13783958867049972
D5,sensitivity,2512,U4,U1,0.08913046203240545,0.07171292701264147
D5,sensitivity,2512,U4,U2,0.1547317591325623,0.12566300977898912
D5,sensitivity,2512,U4,U3,0.11335261536405662,0.10630566292733762
D5,sensitivity,2512,U5,U1,0.10271696653181801,0.07124086863718007
D5,sensitivity,2512,U5,U2,0.2173625217062421,0.17805691461667306
D5,sensitivity,2512,U5,U3,0.1977324174155442,0.17438996864697054
D5,sensitivity,2512,U5,U4,0.09083797234926239,0.09387900874040182
D5,sensitivity,2512,CD1,U1,0.01668037811400203,-0.017194226518715272
D5,sensitivity,2512,CD1,U2,0.13544503106239078,0.11602584918039484
D5,sensitivity,2512,CD1,U3,0.14930851894526576,0.1434980981906103
D5,sensitivity,2512,CD1,U4,0.15333280787875364,0.12630489600754086
D5,sensitivity,2512,CD1,U5,0.24143473527113038,0.2547459713520221
D5,sensitivity,2512,CD2,U1,0.16852624432143068,0.09790637523463855
D5,sensitivity,2512,CD2,U2,0.16824910823228528,0.12672165107635
D5,sensitivity,2512,CD2,U3,0.2082897934170408,0.18054880244375807
D5,sensitivity,2512,CD2,U4,0.18790194036025343,0.1526192884136746
D5,sensitivity,2512,CD2,U5,0.2127595932070836,0.21642631600454648
D5,sensitivity,2512,CD2,CD1,0.27677121557692796,0.2957001584461867
D5,sensitivity,2512,CD3,U1,0.06479020087841403,0.04306563663140292
D5,sensitivity,2512,CD3,U2,0.16078415461041912,0.15035776815410784
D5,sensitivity,2512,CD3,U3,0.14373849079659007,0.12928746044381625
D5,sensitivity,2512,CD3,U4,0.09356702632970623,0.09765568581967968
D5,sensitivity,2512,CD3,U5,0.2011976856687643,0.19973130645989304
D5,sensitivity,2512,CD3,CD1,0.18179800456727954,0.1783136709510313
D5,sensitivity,2512,CD3,CD2,0.1479976063025859,0.15134524073620653
D5,sensitivity,2512,CD4,U1,0.0019257867277933636,-0.029457121646300998
D5,sensitivity,2512,CD4,U2,0.034230721921771616,0.037319993615297156
D5,sensitivity,2512,CD4,U3,0.13950464605280227,0.12706439851292098
D5,sensitivity,2512,CD4,U4,0.08196870777016148,0.061875535687364355
D5,sensitivity,2512,CD4,U5,0.19179990380158646,0.20618906206279142
D5,sensitivity,2512,CD4,CD1,0.3744403569393368,0.3702617433105981
D5,sensitivity,2512,CD4,CD2,0.24119199626204296,0.2553299459377387
D5,sensitivity,2512,CD4,CD3,0.230219050919864,0.24587868669973806
D5,sensitivity,2512,CD5,U1,0.14569246354246765,0.051349168933944415
D5,sensitivity,2512,CD5,U2,0.21769441130622633,0.15198109259965698
D5,sensitivity,2512,CD5,U3,0.23614984918149662,0.19893315142517493
D5,sensitivity,2512,CD5,U4,0.22235993291845135,0.1669394620235175
D5,sensitivity,2512,CD5,U5,0.27650686919007605,0.2646164656914891
D5,sensitivity,2512,CD5,CD1,0.43365999723755727,0.4382625929109165
D5,sensitivity,2512,CD5,CD2,0.39674954471072404,0.3579965257980909
D5,sensitivity,2512,CD5,CD3,0.21899271136442466,0.20020334907964243
D5,sensitivity,2512,CD5,CD4,0.3545082689964469,0.3596425267011561
D5,sensitivity,2512,T1,U1,0.10782222275293549,0.057590838835556685
D5,sensitivity,2512,T1,U2,0.13641671326351068,0.1157743232415983
D5,sensitivity,2512,T1,U3,0.17084573189710994,0.1372455853575974
D5,sensitivity,2512,T1,U4,0.11872304814010345,0.10931479964155336
D5,sensitivity,2512,T1,U5,0.20538501343958643,0.20060010872865805
D5,sensitivity,2512,T1,CD1,0.2933027126008032,0.30119125843527894
D5,sensitivity,2512,T1,CD2,0.2942097620162453,0.28011207152497825
D5,sensitivity,2512,T1,CD3,0.18366475748124403,0.17558922315685424
D5,sensitivity,2512,T1,CD4,0.2760609179816452,0.2755443389783462
D5,sensitivity,2512,T1,CD5,0.3546595088440401,0.33728845947687036
D5,sensitivity,2512,T2,U1,0.09640623474700971,0.07712674101670525
D5,sensitivity,2512,T2,U2,0.1593727362828268,0.14356021392135584
D5,sensitivity,2512,T2,U3,0.14126001324735737,0.11116310395614576
D5,sensitivity,2512,T2,U4,0.09894384805852094,0.0996317967743579
D5,sensitivity,2512,T2,U5,0.1671988492462142,0.15518306347409283
D5,sensitivity,2512,T2,CD1,0.0746784939195968,0.06012595611447595
D5,sensitivity,2512,T2,CD2,0.13425211156327896,0.1125433318283874
D5,sensitivity,2512,T2,CD3,0.2685740528807116,0.21322346770321196
D5,sensitivity,2512,T2,CD4,0.12546149643051474,0.11755949865731566
D5,sensitivity,2512,T2,CD5,0.15144986035241836,0.10821785304126988
D5,sensitivity,2512,T2,T1,0.12460624951263621,0.09939668601329707
D5,sensitivity,2512,T3,U1,0.06248844631693536,0.003583804819885712
D5,sensitivity,2512,T3,U2,0.13936594556171,0.10607746124600424
D5,sensitivity,2512,T3,U3,0.1626713336801801,0.15577419934143538
D5,sensitivity,2512,T3,U4,0.17402338616468044,0.11723818785665469
D5,sensitivity,2512,T3,U5,0.2286047937364981,0.2462638367275267
D5,sensitivity,2512,T3,CD1,0.45469678176488104,0.4521456640903117
D5,sensitivity,2512,T3,CD2,0.34628633167031425,0.3408778030161733
D5,sensitivity,2512,T3,CD3,0.13757342724021562,0.15485496128121548
D5,sensitivity,2512,T3,CD4,0.3601544532142374,0.3634313491969089
D5,sensitivity,2512,T3,CD5,0.48636548871308477,0.4643422661040135
D5,sensitivity,2512,T3,T1,0.28485030925398636,0.296325542244013
D5,sensitivity,2512,T3,T2,0.09822445841953467,0.08616214018403341
D5,sensitivity,2512,T4,U1,-0.009352138313600105,-0.03214318857291527
D5,sensitivity,2512,T4,U2,0.06168177207922184,0.05201804015136688
D5,sensitivity,2512,T4,U3,0.10196774633682908,0.08809405590187691
D5,sensitivity,2512,T4,U4,0.10292451705594609,0.08858272719547067
D5,sensitivity,2512,T4,U5,0.15147450690491374,0.1636752920874688
D5,sensitivity,2512,T4,CD1,0.28895427195004064,0.28017677264907126
D5,sensitivity,2512,T4,CD2,0.19387014035841427,0.19978461462745292
D5,sensitivity,2512,T4,CD3,0.16813681439060343,0.17459747384585106
D5,sensitivity,2512,T4,CD4,0.2695153883796423,0.26375267322473767
D5,sensitivity,2512,T4,CD5,0.28695674860816117,0.28328253739120435
D5,sensitivity,2512,T4,T1,0.18929876231584744,0.18806712136923118
D5,sensitivity,2512,T4,T2,0.04899697777962399,0.042510068508047734
D5,sensitivity,2512,T4,T3,0.25464754597154654,0.2610332748361912
D5,sensitivity,2512,T5,U1,0.13146574509108175,0.06747426868976553
D5,sensitivity,2512,T5,U2,0.18767805696826295,0.1419370020403023
D5,sensitivity,2512,T5,U3,0.20806529952638933,0.18001255314035863
D5,sensitivity,2512,T5,U4,0.22770247746348482,0.18678988315892098
D5,sensitivity,2512,T5,U5,0.19535157568010778,0.20052263843450793
D5,sensitivity,2512,T5,CD1,0.3101028964938086,0.32642704181580556
D5,sensitivity,2512,T5,CD2,0.3603591059656712,0.32502133407837336
D5,sensitivity,2512,T5,CD3,0.16989262470700753,0.17054187590974437
D5,sensitivity,2512,T5,CD4,0.261763221039763,0.2732755461444274
D5,sensitivity,2512,T5,CD5,0.3845440089782093,0.34848949926548994
D5,sensitivity,2512,T5,T1,0.25992402451700625,0.24735720338660686
D5,sensitivity,2512,T5,T2,0.15003017467575333,0.12341682084811646
D5,sensitivity,2512,T5,T3,0.3530105650278465,0.3431918250780795
D5,sensitivity,2512,T5,T4,0.22638539812250064,0.23098498007157914
D5,sensitivity,2512,CT1,U1,0.09881829555223488,0.07130612992336485
D5,sensitivity,2512,CT1,U2,0.028754138663880713,0.006132063345275596
D5,sensitivity,2512,CT1,U3,0.035824712838092666,0.03469801515813459
D5,sensitivity,2512,CT1,U4,0.06740499403263245,0.036219928828029616
D5,sensitivity,2512,CT1,U5,-0.05006776650016572,-0.05012666901902535
D5,sensitivity,2512,CT1,CD1,0.09638633297561504,0.09269535584270204
D5,sensitivity,2512,CT1,CD2,0.13725120625026532,0.0984830974823993
D5,sensitivity,2512,CT1,CD3,-0.1169698951582343,-0.11301666303087399
D5,sensitivity,2512,CT1,CD4,0.046413894221703215,0.04303842772606662
D5,sensitivity,2512,CT1,CD5,0.16752360064014768,0.13519042519417063
D5,sensitivity,2512,CT1,T1,0.04432685637447443,0.03607822700720928
D5,sensitivity,2512,CT1,T2,0.0037195805941863556,0.015714838312053697
D5,sensitivity,2512,CT1,T3,0.1568268097283859,0.12355512063470303
D5,sensitivity,2512,CT1,T4,0.0032975249188730805,-0.007698678307164356
D5,sensitivity,2512,CT1,T5,0.15068751222521345,0.1148325105491808
D5,sensitivity,2512,CT2,U1,0.099194109119063,0.0914541357090027
D5,sensitivity,2512,CT2,U2,0.032236870713443555,0.02883912601756929
D5,sensitivity,2512,CT2,U3,-0.06110159828287861,-0.042286634676144845
D5,sensitivity,2512,CT2,U4,0.11339978780066354,0.08865495009681425
D5,sensitivity,2512,CT2,U5,-0.054334536100215415,-0.03895126171838618
D5,sensitivity,2512,CT2,CD1,-0.02069145031722399,-0.040561867743173045
D5,sensitivity,2512,CT2,CD2,0.09660286064427738,0.0641180284330422
D5,sensitivity,2512,CT2,CD3,0.06362218579532572,0.03679730143660131
D5,sensitivity,2512,CT2,CD4,-0.024172721862927602,-0.02738184155654227
D5,sensitivity,2512,CT2,CD5,0.09306045807620031,0.05130988375443611
D5,sensitivity,2512,CT2,T1,0.023993566220578706,0.020186282472490043
D5,sensitivity,2512,CT2,T2,0.12619285747042047,0.10197736164662306
D5,sensitivity,2512,CT2,T3,0.04348640759068909,0.004871015478426901
D5,sensitivity,2512,CT2,T4,-0.01086749278429168,-0.015037701488760123
D5,sensitivity,2512,CT2,T5,0.0430037766903452,0.018135839099632328
D5,sensitivity,2512,CT2,CT1,0.14458769608027341,0.13283452184900635
D5,sensitivity,2512,CT3,U1,0.17438091161936906,0.10189735618034258
D5,sensitivity,2512,CT3,U2,0.09136235915580809,0.05113154843851832
D5,sensitivity,2512,CT3,U3,0.17343445114542094,0.14521102518410925
D5,sensitivity,2512,CT3,U4,0.1626051126726182,0.11760701615358532
D5,sensitivity,2512,CT3,U5,0.1256412040377307,0.11971292256009025
D5,sensitivity,2512,CT3,CD1,0.2665975839025583,0.28723886833149115
D5,sensitivity,2512,CT3,CD2,0.26023519113797927,0.23071796623856952
D5,sensitivity,2512,CT3,CD3,0.07524057004211869,0.06287269849576349
D5,sensitivity,2512,CT3,CD4,0.1758096095311988,0.1881332048444702
D5,sensitivity,2512,CT3,CD5,0.32445053761449344,0.30978262244665644
D5,sensitivity,2512,CT3,T1,0.2463871935269643,0.22689702057131028
D5,sensitivity,2512,CT3,T2,0.05875684079241573,0.044105366340327454
D5,sensitivity,2512,CT3,T3,0.2881679894328889,0.29660859143674223
D5,sensitivity,2512,CT3,T4,0.1371095504419684,0.1376659321365227
D5,sensitivity,2512,CT3,T5,0.27165782857965326,0.23919767627530017
D5,sensitivity,2512,CT3,CT1,0.23642180146324607,0.21164349919145597
D5,sensitivity,2512,CT3,CT2,0.05018075667451506,0.04247881065215359
D5,sensitivity,2512,CT4,U1,0.09962948656160688,0.06352400371693812
D5,sensitivity,2512,CT4,U2,-0.01102559275683778,-0.02670077599883179
D5,sensitivity,2512,CT4,U3,0.0007282394726494307,-0.008470878192731315
D5,sensitivity,2512,CT4,U4,0.07856913657872115,0.03968732442757097
D5,sensitivity,2512,CT4,U5,-0.020580550132020432,-0.024867340326628448
D5,sensitivity,2512,CT4,CD1,0.09768631311516857,0.09792849182726006
D5,sensitivity,2512,CT4,CD2,0.11910185162548922,0.08712345312825308
D5,sensitivity,2512,CT4,CD3,-0.06631171563931326,-0.06880928590339835
D5,sensitivity,2512,CT4,CD4,0.04239374388283259,0.03511685537706412
D5,sensitivity,2512,CT4,CD5,0.15150856840500393,0.13149082221956668
D5,sensitivity,2512,CT4,T1,0.05127224335572868,0.04498128493590194
D5,sensitivity,2512,CT4,T2,-0.039832348946341634,-0.031194380096862526
D5,sensitivity,2512,CT4,T3,0.1836649428391566,0.14591436418317655
D5,sensitivity,2512,CT4,T4,0.03748086445140097,0.021268756334889446
D5,sensitivity,2512,CT4,T5,0.18741016725586462,0.15130127036894792
D5,sensitivity,2512,CT4,CT1,0.21798892477270707,0.21004053953814622
D5,sensitivity,2512,CT4,CT2,0.10265990253244084,0.09589846962734132
D5,sensitivity,2512,CT4,CT3,0.19415123946878668,0.17702510810001162
D5,sensitivity,2512,CT5,U1,0.11780099434580052,0.06615553738640666
D5,sensitivity,2512,CT5,U2,0.017230734430568124,-0.010585067137721536
D5,sensitivity,2512,CT5,U3,0.0591169370311713,0.050378627923958794
D5,sensitivity,2512,CT5,U4,0.07350206513291896,0.02571175552143875
D5,sensitivity,2512,CT5,U5,-0.004796312014010007,-0.011926764690798982
D5,sensitivity,2512,CT5,CD1,0.13776279777965936,0.141743607549685
D5,sensitivity,2512,CT5,CD2,0.12598692833820116,0.1019950162377461
D5,sensitivity,2512,CT5,CD3,-0.11822497125046513,-0.12241747155515778
D5,sensitivity,2512,CT5,CD4,0.07136991950382773,0.06043452371186066
D5,sensitivity,2512,CT5,CD5,0.17044862626277735,0.16012830880155443
D5,sensitivity,2512,CT5,T1,0.09078362202262376,0.08127555404602707
D5,sensitivity,2512,CT5,T2,-0.08372162722402482,-0.08075928641989472
D5,sensitivity,2512,CT5,T3,0.19196874150314627,0.17387607033859057
D5,sensitivity,2512,CT5,T4,0.048338365120974926,0.03131379958479244
D5,sensitivity,2512,CT5,T5,0.13059798533775166,0.1021061537692462
D5,sensitivity,2512,CT5,CT1,0.20917814475722363,0.1991806141334986
D5,sensitivity,2512,CT5,CT2,0.07907712052895721,0.05704356253501163
D5,sensitivity,2512,CT5,CT3,0.25941956970426805,0.2502248351838766
D5,sensitivity,2512,CT5,CT4,0.2210006368367024,0.20991163346824573
D5,sensitivity,2512,AD1,U1,0.07969251269054754,0.047535925722831225
D5,sensitivity,2512,AD1,U2,0.16375146337918314,0.14881247800056774
D5,sensitivity,2512,AD1,U3,0.18247042874566327,0.14806539048941106
D5,sensitivity,2512,AD1,U4,0.06658020517233061,0.07594471218009358
D5,sensitivity,2512,AD1,U5,0.2402446812932587,0.2309378454243521
D5,sensitivity,2512,AD1,CD1,0.20103021243758204,0.19545403262637012
D5,sensitivity,2512,AD1,CD2,0.18709863506622942,0.17525328477314034
D5,sensitivity,2512,AD1,CD3,0.29914103765271854,0.2880782332316063
D5,sensitivity,2512,AD1,CD4,0.2405612119851421,0.24286661948532187
D5,sensitivity,2512,AD1,CD5,0.22113648427200544,0.19481217072743623
D5,sensitivity,2512,AD1,T1,0.206484902325323,0.1929058657408457
D5,sensitivity,2512,AD1,T2,0.1725767222767455,0.14352389205000096
D5,sensitivity,2512,AD1,T3,0.17200040845595804,0.18353063288041985
D5,sensitivity,2512,AD1,T4,0.22198660382472443,0.2123238877728399
D5,sensitivity,2512,AD1,T5,0.1742869710911521,0.17073755333367233
D5,sensitivity,2512,AD1,CT1,-0.05940546681355019,-0.06832082962552359
D5,sensitivity,2512,AD1,CT2,-0.008423228422184173,-0.009508135771049753
D5,sensitivity,2512,AD1,CT3,0.09680255199895255,0.07107491975203761
D5,sensitivity,2512,AD1,CT4,-0.042973801345539624,-0.0598019685701268
D5,sensitivity,2512,AD1,CT5,-0.06881606219814393,-0.08375256081745525
D5,sensitivity,2512,AD2,U1,0.02120028688544191,0.014774517575351512
D5,sensitivity,2512,AD2,U2,0.11665070312306991,0.0986662581829467
D5,sensitivity,2512,AD2,U3,0.12904736298795338,0.09355293988195885
D5,sensitivity,2512,AD2,U4,0.059989566274669545,0.06176614558269034
D5,sensitivity,2512,AD2,U5,0.16388702351247078,0.1364629147415044
D5,sensitivity,2512,AD2,CD1,0.12546051896396168,0.0980828329662495
D5,sensitivity,2512,AD2,CD2,0.10372100320816921,0.08760789326034772
D5,sensitivity,2512,AD2,CD3,0.2156279010654599,0.1895265685638483
D5,sensitivity,2512,AD2,CD4,0.13826320158660363,0.11555866590078324
D5,sensitivity,2512,AD2,CD5,0.1370884159350424,0.10615206713365076
D5,sensitivity,2512,AD2,T1,0.16356082561313565,0.1295697421610707
D5,sensitivity,2512,AD2,T2,0.0942028108118724,0.07548889764475673
D5,sensitivity,2512,AD2,T3,0.0842613552614559,0.07736834926749747
D5,sensitivity,2512,AD2,T4,0.1260561296453876,0.11200411601761885
D5,sensitivity,2512,AD2,T5,0.14969764785518366,0.12430586250921699
D5,sensitivity,2512,AD2,CT1,-0.07206283570142621,-0.06163794058002488
D5,sensitivity,2512,AD2,CT2,0.009859146409766649,0.02047528779885434
D5,sensitivity,2512,AD2,CT3,0.055046779267016364,0.03517545729712662
D5,sensitivity,2512,AD2,CT4,-0.022438566763969273,-0.025335846354378234
D5,sensitivity,2512,AD2,CT5,-0.030125628623852423,-0.03525268719240445
D5,sensitivity,2512,AD2,AD1,0.18878698086537435,0.1644366750435701
D5,sensitivity,2512,AD3,U1,0.14817482452093003,0.11635637003997577
D5,sensitivity,2512,AD3,U2,0.25513711309031567,0.19764948751771777
D5,sensitivity,2512,AD3,U3,0.11481935079078334,0.10237512152660729
D5,sensitivity,2512,AD3,U4,0.12331873524108965,0.10236402221747161
D5,sensitivity,2512,AD3,U5,0.22543782243204707,0.1978145995868895
D5,sensitivity,2512,AD3,CD1,0.06608871480646342,0.060086690061301365
D5,sensitivity,2512,AD3,CD2,0.16187628115556674,0.12892540825275015
D5,sensitivity,2512,AD3,CD3,0.19387530709496123,0.1694287594935025
D5,sensitivity,2512,AD3,CD4,0.026748345964758034,0.0509361673298295
D5,sensitivity,2512,AD3,CD5,0.15159767790220158,0.10231766370149885
D5,sensitivity,2512,AD3,T1,0.1417315378978306,0.13493825621077588
D5,sensitivity,2512,AD3,T2,0.209314102125618,0.17183126892067122
D5,sensitivity,2512,AD3,T3,0.10591528164825967,0.08749110002500898
D5,sensitivity,2512,AD3,T4,-0.02057750332826796,-0.003490286116441878
D5,sensitivity,2512,AD3,T5,0.1701553702894226,0.13853847862338828
D5,sensitivity,2512,AD3,CT1,-0.027259961669933254,-0.032283193372699165
D5,sensitivity,2512,AD3,CT2,0.06295573213962605,0.04044830012735848
D5,sensitivity,2512,AD3,CT3,0.027690376929968723,0.015882531837759846
D5,sensitivity,2512,AD3,CT4,-0.012965228113539605,-0.019911620636062752
D5,sensitivity,2512,AD3,CT5,-0.051241367980734184,-0.0616731587801274
D5,sensitivity,2512,AD3,AD1,0.15469320713917808,0.14932414424860108
D5,sensitivity,2512,AD3,AD2,0.09957436684418028,0.08770791071475875
D5,sensitivity,2512,AD4,U1,0.08268634138791825,0.05361599218941678
D5,sensitivity,2512,AD4,U2,0.1609972254361113,0.14905041727419416
D5,sensitivity,2512,AD4,U3,0.10234192645825954,0.10950713988723208
D5,sensitivity,2512,AD4,U4,0.17125122706612408,0.1383743331432578
D5,sensitivity,2512,AD4,U5,0.1505009995930237,0.18552036690557278
D5,sensitivity,2512,AD4,CD1,0.21459113063128754,0.22408812461645689
D5,sensitivity,2512,AD4,CD2,0.1931229050421773,0.19035874034573305
D5,sensitivity,2512,AD4,CD3,0.1495961205392089,0.1887983055023736
D5,sensitivity,2512,AD4,CD4,0.18567814613040423,0.202226408573814
D5,sensitivity,2512,AD4,CD5,0.2753211563554897,0.25202284235925715
D5,sensitivity,2512,AD4,T1,0.15258592680747887,0.17265084423804705
D5,sensitivity,2512,AD4,T2,0.12330362978439663,0.13590917355199963
D5,sensitivity,2512,AD4,T3,0.2580689764682454,0.2416692734274907
D5,sensitivity,2512,AD4,T4,0.14658462845146525,0.1547648375750606
D5,sensitivity,2512,AD4,T5,0.24979173878040062,0.2366236711566001
D5,sensitivity,2512,AD4,CT1,0.062114537291511375,0.01229210256259125
D5,sensitivity,2512,AD4,CT2,0.044395871186021396,0.01015099853807591
D5,sensitivity,2512,AD4,CT3,0.1422240263567873,0.1070469755469078
D5,sensitivity,2512,AD4,CT4,0.012375707271227948,-0.031975268535956454
D5,sensitivity,2512,AD4,CT5,0.09484699745251533,0.02776819808829198
D5,sensitivity,2512,AD4,AD1,0.11968967894495725,0.160032646468917
D5,sensitivity,2512,AD4,AD2,0.04452396227403173,0.06487845662185168
D5,sensitivity,2512,AD4,AD3,0.1614990004994679,0.16999068046688687
D5,sensitivity,2512,AD5,U1,0.022915079274458492,0.0014831173238143043
D5,sensitivity,2512,AD5,U2,0.15267322952261647,0.1450882185966589
D5,sensitivity,2512,AD5,U3,0.21184075066461527,0.17592728119303824
D5,sensitivity,2512,AD5,U4,0.09598004672671252,0.09785944806015852
D5,sensitivity,2512,AD5,U5,0.25623494624341286,0.24267312941061378
D5,sensitivity,2512,AD5,CD1,0.22626886511237979,0.22002065922062017
D5,sensitivity,2512,AD5,CD2,0.1941565518440024,0.18502194926529061
D5,sensitivity,2512,AD5,CD3,0.2687353860428659,0.26102263271476345
D5,sensitivity,2512,AD5,CD4,0.23037750946535487,0.2342580076183048
D5,sensitivity,2512,AD5,CD5,0.2606050690912314,0.238258964728028
D5,sensitivity,2512,AD5,T1,0.2303059703732942,0.21225990348316062
D5,sensitivity,2512,AD5,T2,0.19360906324714605,0.16027835850634456
D5,sensitivity,2512,AD5,T3,0.21647904280268893,0.21494920054272354
D5,sensitivity,2512,AD5,T4,0.1789996078031269,0.1813174432411907
D5,sensitivity,2512,AD5,T5,0.18965671867539724,0.17616239529605493
D5,sensitivity,2512,AD5,CT1,-0.03358570576766951,-0.04735371636486191
D5,sensitivity,2512,AD5,CT2,-0.028455579889776997,-0.029456491068174193
D5,sensitivity,2512,AD5,CT3,0.09980640583801145,0.08050835342637803
D5,sensitivity,2512,AD5,CT4,-0.047852924877849944,-0.06228988738117931
D5,sensitivity,2512,AD5,CT5,-0.05639085701278335,-0.0718294479778897
D5,sensitivity,2512,AD5,AD1,0.2883431688885126,0.27433955242073366
D5,sensitivity,2512,AD5,AD2,0.22185757928409985,0.19179844328153778
D5,sensitivity,2512,AD5,AD3,0.14411178912804173,0.146054822056047
D5,sensitivity,2512,AD5,AD4,0.12009308494969675,0.1622132584647845
D3,full,1104,D3_2,D3_1,0.7318533831133485,0.7302821262962614
D3,full,1104,D3_3,D3_1,-0.5320649564623269,-0.5435597595995052
D3,full,1104,D3_3,D3_2,-0.57224841121446,-0.572152529559751
D3,full,1104,D3_4,D3_1,-0.613764962476863,-0.6092050158795804
D3,full,1104,D3_4,D3_2,-0.6622873956048235,-0.6462163571982265
D3,full,1104,D3_4,D3_3,0.6156485158316106,0.6294687777952508
D3,full,1104,D3_5,D3_1,-0.5483021235103543,-0.5432193012269169
D3,full,1104,D3_5,D3_2,-0.5869374681589182,-0.5768370736364119
D3,full,1104,D3_5,D3_3,0.5295481224488933,0.5358289865275817
D3,full,1104,D3_5,D3_4,0.6226012189721423,0.6264172781134537
D3,full,1104,D3_6,D3_1,-0.5690330427333244,-0.5587886528026905
D3,full,1104,D3_6,D3_2,-0.5603717052864806,-0.5537965562322796
D3,full,1104,D3_6,D3_3,0.5262123567701209,0.5319857020096141
D3,full,1104,D3_6,D3_4,0.6412813879469728,0.6314115071922175
D3,full,1104,D3_6,D3_5,0.5885592982278194,0.5970922201230704
D3,full,1104,D3_7,D3_1,-0.5628232512086576,-0.5522236264238425
D3,full,1104,D3_7,D3_2,-0.5679452287333836,-0.5553465648350863
D3,full,1104,D3_7,D3_3,0.5718469299199906,0.5659121642817164
D3,full,1104,D3_7,D3_4,0.6406625959695412,0.6442822594178536
D3,full,1104,D3_7,D3_5,0.6330235608481197,0.6371344600720088
D3,full,1104,D3_7,D3_6,0.6370308192114399,0.6416059579114124
D3,full,1104,D3_8,D3_1,-0.5622349673188998,-0.5591344313235166
D3,full,1104,D3_8,D3_2,-0.5799648019012719,-0.5761401925559368
D3,full,1104,D3_8,D3_3,0.5922838621154872,0.587955806231829
D3,full,1104,D3_8,D3_4,0.6406850215235684,0.6516429528386287
D3,full,1104,D3_8,D3_5,0.7039877338096876,0.6931609756417318
D3,full,1104,D3_8,D3_6,0.6681208420749535,0.6669819625761053
D3,full,1104,D3_8,D3_7,0.6945610635799885,0.70153914216332
D3,full,1104,D3_9,D3_1,-0.6024467752979025,-0.6048095701328741
D3,full,1104,D3_9,D3_2,-0.6148368977303096,-0.6068725366546013
D3,full,1104,D3_9,D3_3,0.5827761100170897,0.5997971074484286
D3,full,1104,D3_9,D3_4,0.7007257794872462,0.700855355115103
D3,full,1104,D3_9,D3_5,0.692609935550075,0.6986129374623629
D3,full,1104,D3_9,D3_6,0.7157471559344941,0.716586803654085
D3,full,1104,D3_9,D3_7,0.7036616485245258,0.7218938843642329
D3,full,1104,D3_9,D3_8,0.6878638871970336,0.7287071534503592
D3,sensitivity,1099,D3_2,D3_1,0.7306927205088249,0.729499542300241
D3,sensitivity,1099,D3_3,D3_1,-0.5330717657027818,-0.5459913419712248
D3,sensitivity,1099,D3_3,D3_2,-0.5731653983666206,-0.5744336001010146
D3,sensitivity,1099,D3_4,D3_1,-0.6149773222396755,-0.6118103661072251
D3,sensitivity,1099,D3_4,D3_2,-0.6635024472347508,-0.648672354010325
D3,sensitivity,1099,D3_4,D3_3,0.6147585869277838,0.6291269561069449
D3,sensitivity,1099,D3_5,D3_1,-0.5496758482774076,-0.5458068290680631
D3,sensitivity,1099,D3_5,D3_2,-0.5882415678560184,-0.5792772456843862
D3,sensitivity,1099,D3_5,D3_3,0.5288195094210141,0.5353801581270734
D3,sensitivity,1099,D3_5,D3_4,0.6218423528225347,0.6260527240453186
D3,sensitivity,1099,D3_6,D3_1,-0.570613473246974,-0.5615567794601752
D3,sensitivity,1099,D3_6,D3_2,-0.5618432317260202,-0.5563343819400118
D3,sensitivity,1099,D3_6,D3_3,0.5254731497619116,0.5315204774157022
D3,sensitivity,1099,D3_6,D3_4,0.6406731318161599,0.6310416279991159
D3,sensitivity,1099,D3_6,D3_5,0.5878736931076851,0.5966629886141631
D3,sensitivity,1099,D3_7,D3_1,-0.5643541130937679,-0.5550971713995477
D3,sensitivity,1099,D3_7,D3_2,-0.5694616349983417,-0.5580015807386157
D3,sensitivity,1099,D3_7,D3_3,0.5711739120737741,0.565485941347835
D3,sensitivity,1099,D3_7,D3_4,0.6400224677926353,0.6439295739148752
D3,sensitivity,1099,D3_7,D3_5,0.6323783887005876,0.6367499237622556
D3,sensitivity,1099,D3_7,D3_6,0.6363005629647864,0.6412015941161057
D3,sensitivity,1099,D3_8,D3_1,-0.5634633658490932,-0.5617159098869037
D3,sensitivity,1099,D3_8,D3_2,-0.5811146094314833,-0.5785417468648342
D3,sensitivity,1099,D3_8,D3_3,0.5916114174224889,0.5875626056605352
D3,sensitivity,1099,D3_8,D3_4,0.6400176286638606,0.6513074715190927
D3,sensitivity,1099,D3_8,D3_5,0.7034270773473191,0.6928500289732891
D3,sensitivity,1099,D3_8,D3_6,0.6674674702155954,0.6666339211773578
D3,sensitivity,1099,D3_8,D3_7,0.6938875175916808,0.7012318862719907
D3,sensitivity,1099,D3_9,D3_1,-0.6030732291511133,-0.607002502088705
D3,sensitivity,1099,D3_9,D3_2,-0.6155792315989703,-0.6088739388448703
D3,sensitivity,1099,D3_9,D3_3,0.5820450713435613,0.5995090353527447
D3,sensitivity,1099,D3_9,D3_4,0.7001094342764991,0.7006440194250055
D3,sensitivity,1099,D3_9,D3_5,0.6919664045313019,0.6983964045985042
D3,sensitivity,1099,D3_9,D3_6,0.7151018150182772,0.7163881895395288
D3,sensitivity,1099,D3_9,D3_7,0.7028903587927087,0.7217108024904184
D3,sensitivity,1099,D3_9,D3_8,0.6869238071214879,0.7285153696121681
