dataset,sample,n,factor_position,observed_eigenvalue,null_95_percentile,retained
D5,full,2613,1,5.413501827259859,0.2459063977862052,True
D5,full,2613,2,1.2166869469176294,0.21615755650129037,True
D5,full,2613,3,0.7273396948031938,0.18171409877946898,True
D5,full,2613,4,0.2613534029893234,0.16466965415935483,True
D5,full,2613,5,0.22597368010128724,0.14243977007354092,True
D5,full,2613,6,0.08580144411017598,0.12503624161612478,False
D5,full,2613,7,0.06386212284589386,0.10627387333340697,False
D5,full,2613,8,0.042795019742977516,0.09348555129696486,False
D5,full,2613,9,0.03698663869314007,0.0772938704993539,False
D5,full,2613,10,0.011912107320554496,0.06172040202997328,False
D5,full,2613,11,0.0006498048864251006,0.04665801712960575,False
D5,full,2613,12,-0.03523317220587627,0.0325228486572509,False
D5,full,2613,13,-0.05480337789106741,0.01938871487266234,False
D5,full,2613,14,-0.06495177241026222,0.0073695387764847724,False
D5,full,2613,15,-0.07703021266564433,-0.007504593640244658,False
D5,full,2613,16,-0.08641986148912484,-0.02234409366545758,False
D5,full,2613,17,-0.09597466632037746,-0.036450425881446785,False
D5,full,2613,18,-0.10662087394290364,-0.04846404957186515,False
D5,full,2613,19,-0.12206892506868948,-0.06301168687811547,False
D5,full,2613,20,-0.13312522261007692,-0.07731702950684319,False
D5,full,2613,21,-0.1453848833264124,-0.08805480405274471,False
D5,full,2613,22,-0.15619998473551872,-0.10493274168929474,False
D5,full,2613,23,-0.16768984215200283,-0.12239255983026745,False
D5,full,2613,24,-0.183754729693467,-0.1374888003059324,False
D5,full,2613,25,-0.21692077484179303,-0.16035074966342888,False
D5,sensitivity,2512,1,4.115575853544504,0.2508770169160271,True
D5,sensitivity,2512,2,1.2876192972753486,0.21839675648774862,True
D5,sensitivity,2512,3,0.71679116409775,0.18773008107974884,True
D5,sensitivity,2512,4,0.2628898029100871,0.1711331882132399,True
D5,sensitivity,2512,5,0.2180097841588634,0.14577614973514683,True
D5,sensitivity,2512,6,0.09089883145995092,0.12811901217347357,False
D5,sensitivity,2512,7,0.05337330866832735,0.11201737116514356,False
D5,sensitivity,2512,8,0.04834790390110768,0.092643744813126,False
D5,sensitivity,2512,9,0.03550341276169351,0.07975936983048672,False
D5,sensitivity,2512,10,0.019104518430602718,0.06299746534471082,False
D5,sensitivity,2512,11,0.0064555621995904915,0.05086943345355144,False
D5,sensitivity,2512,12,-0.04449235707719114,0.03757371435825876,False
D5,sensitivity,2512,13,-0.0513239675893479,0.02133696316637361,False
D5,sensitivity,2512,14,-0.06875749789685817,0.007338455369129488,False
D5,sensitivity,2512,15,-0.0807797874231087,-0.008419004476088452,False
D5,sensitivity,2512,16,-0.0900541366444176,-0.02147402997155097,False
D5,sensitivity,2512,17,-0.10264957388075115,-0.03421025666329294,False
D5,sensitivity,2512,18,-0.10742308258918554,-0.0504008648002458,False
D5,sensitivity,2512,19,-0.1245818011945079,-0.063804025587219,False
D5,sensitivity,2512,20,-0.13979103196031678,-0.07663790787355623,False
D5,sensitivity,2512,21,-0.15044153082737718,-0.09119051707889086,False
D5,sensitivity,2512,22,-0.16657589281431215,-0.10623948654906712,False
D5,sensitivity,2512,23,-0.17283609804460637,-0.1228740750762742,False
D5,sensitivity,2512,24,-0.1881465954931965,-0.13902173539736468,False
D5,sensitivity,2512,25,-0.2180857090357848,-0.15817545879966882,False
D3,full,1104,1,5.570604269610644,0.22117994328559992,True
D3,full,1104,2,0.27136835096827505,0.15184311480395418,True
D3,full,1104,3,0.04106889152605801,0.10391857291875883,False
D3,full,1104,4,0.02498423589182939,0.06256551340917739,False
D3,full,1104,5,-0.018546797986872414,0.027310323677796493,False
D3,full,1104,6,-0.046458153485377685,-0.00502873256274991,False
D3,full,1104,7,-0.0803309614381105,-0.0390929095054671,False
D3,full,1104,8,-0.12848290629084164,-0.07165979772091398,False
D3,full,1104,9,-0.131141248308354,-0.10560071984200448,False
D3,sensitivity,1099,1,5.570131712113071,0.2137386042217979,True
D3,sensitivity,1099,2,0.26645152730331567,0.14377194622167638,True
D3,sensitivity,1099,3,0.04132390900453664,0.10004987102481683,False
D3,sensitivity,1099,4,0.02426373706555198,0.06420554916879337,False
D3,sensitivity,1099,5,-0.018417398899638962,0.02664493022290208,False
D3,sensitivity,1099,6,-0.04647223796264042,-0.000270136456368755,False
D3,sensitivity,1099,7,-0.0801679962880781,-0.04154328124652183,False
D3,sensitivity,1099,8,-0.1285292736166828,-0.06956596201520122,False
D3,sensitivity,1099,9,-0.13074306580233996,-0.10978330704473621,False
