dataset,sample,n,section,alpha_raw,alpha_ordinal,omega_standardized_observed,omega_ordinal_latent_response,minimum_corrected_item_total,minimum_ordinal_loading,one_factor_rmsr,one_factor_maximum_residual,one_factor_boundary,passes_screen,screen_reason
D5,full,2613,U,0.4793816219091006,0.5525179776124944,0.4812864066406787,0.5552661597618616,0.19665663560126193,0.3725186836655296,0.018338441621373335,0.029088947470823273,False,False,raw_alpha;ordinal_omega;item_total;loading
D5,full,2613,CD,0.7061865448710563,0.718978514227574,0.709528128876808,0.7258069750722855,0.31835885408757364,0.39504118789153947,0.02955600888285075,0.04902619784783324,False,False,loading
D5,full,2613,T,0.6099615432280567,0.6325834048143747,0.6158241444320842,0.6418251804669253,0.19260343245542813,0.2957237170976914,0.01825270047034537,0.031682999602032774,False,False,raw_alpha;ordinal_omega;item_total;loading
D5,full,2613,CT,0.5562790764374876,0.6003103537761185,0.5611676180696923,0.6061107216709631,0.18700143059088792,0.29796045784567887,0.024803573469387795,0.04301113912488477,False,False,raw_alpha;ordinal_omega;item_total;loading
D5,full,2613,AD,0.5534213071004911,0.5738628625739637,0.5569966301231614,0.5795202522380062,0.26697569253155323,0.34127915393221525,0.03172539853611774,0.08125476621650374,False,False,raw_alpha;ordinal_omega;item_total;loading
D5,sensitivity,2512,U,0.3937442284031606,0.44836172783078276,0.396967888435377,0.45404144458882567,0.13671215508630694,0.2789881285420638,0.018698005551879584,0.03039807339733,False,False,raw_alpha;ordinal_omega;item_total;loading
D5,sensitivity,2512,CD,0.6704570309791884,0.6665780062843634,0.6749519832759754,0.6760118910905638,0.2721538565666085,0.327660172454579,0.031038806849083445,0.04999710850169661,False,False,raw_alpha;ordinal_omega;item_total;loading
D5,sensitivity,2512,T,0.5512569429519941,0.5540049505971988,0.5599678779807672,0.5687894080135396,0.13190119494374467,0.20734689042071713,0.019662754219569235,0.033469601274333086,False,False,raw_alpha;ordinal_omega;item_total;loading
D5,sensitivity,2512,CT,0.4879147045011806,0.5085414470290089,0.49489201253819465,0.5175705106217064,0.12735063884870662,0.19906696235712762,0.0258051324446539,0.047698276615733184,False,False,raw_alpha;ordinal_omega;item_total;loading
D5,sensitivity,2512,AD,0.4839746701930232,0.4770921526144578,0.48924626306066077,0.4858982818393699,0.2056491273005545,0.24404407278696466,0.033091404073780015,0.08603038117406055,False,False,raw_alpha;ordinal_omega;item_total;loading
